country,year,Deforestation,Temperature_anomaly,Annual_precipitation,co2,Annual_CO₂_emissions_including_land-use_change,Annual_CO₂_emissions_from_land-use_change,Annual_CO₂_emissions,population,GDP,Per_capita_carbon_dioxide_emissions_from_buildings,Per_capita_carbon_dioxide_emissions_from_electricity_and_heat,Per_capita_carbon_dioxide_emissions_from_industry,Per_capita_carbon_dioxide_emissions_from_bunker_fuels,Per_capita_carbon_dioxide_emissions_from_land_use_change_and_forestry,Per_capita_carbon_dioxide_emissions_from_transport,Per_capita_carbon_dioxide_emissions_from_manufacturing_and_construction,Per_capita_carbon_dioxide_emissions_from_other_fuel_combustion
Australia,1994,628640.0,-0.14,324.85,293.7,319489600.0,25788404.0,293701200.0,17897430.0,322201000000.0,0.51,8.48,0.19,0.44,2.83,3.62,2.54,0.21
Paraguay,1992,272764.0,-1.21,1831.42,2.58,38036140.0,35456200.0,2579939.0,4253609.0,7157424031.0,0.03,0.01,0.05,0.01,9.88,0.43,0.06,0.0
United Arab Emirates,2014,167.56756756756758,-0.04,37.51,209.98,209875180.0,-104350.73,209979540.0,8236880.0,403137000000.0,0.11,8.24,0.87,7.85,0.0,4.32,8.79,0.0
Bahrain,1996,10.0,0.09,80.9,15.94,15942174.0,109.92,15942064.0,608595.0,6101861436.0,0.3,20.69,0.0,1.76,0.0,2.07,0.08,0.0
Germany,2008,6766.0,0.25,870.27,856.61,844444160.0,-12163271.0,856607400.0,81110781.0,3752370000000.0,1.89,4.57,0.17,0.42,-0.0,1.84,1.23,0.01
Bulgaria,2008,0.0,0.45,615.76,54.11,41272176.0,-12836824.0,54109000.0,7535590.0,54409138498.0,0.18,4.23,0.25,0.14,-3.14,1.1,0.81,0.06
Tanzania,2011,392400.0,0.03,1150.24,8.5,137584480.0,129081880.0,8502593.0,46029372.0,33877905104.0,0.01,0.04,0.02,0.01,1.12,0.1,0.02,0.0
Ghana,2005,22154.716981132075,0.02,1025.17,6.11,22043044.0,15929973.0,6113072.0,22449443.0,10731634117.0,0.02,0.05,0.0,0.02,2.04,0.16,0.04,0.01
Dominican Republic,1994,472.0,-0.24,882.7,11.8,21397922.0,9601476.0,11796446.0,7741694.0,14664237667.0,0.19,0.64,0.07,0.02,-0.94,0.41,0.12,0.02
Israel,2010,1991.7021276595744,1.65,168.29,68.29,68098860.0,-188036.48,68286904.0,7336737.0,233610000000.0,0.36,6.0,0.28,0.48,-0.0,2.24,0.41,0.31
Guinea,2004,37274.23076923077,0.16,1683.19,1.76,13208134.0,11445750.0,1762384.0,9062724.0,3666349049.0,0.01,0.04,0.0,0.01,1.19,0.07,0.08,0.0
Lebanon,2010,12207.169811320757,1.71,411.47,20.0,19784890.0,-211705.92,19996596.0,5041290.0,38419626605.0,0.23,2.23,0.51,0.14,0.0,1.0,0.16,0.0
Haiti,2007,18600.0,0.13,1177.52,1.77,8063566.5,6291161.5,1772405.0,9373301.0,5885325590.0,0.02,0.03,0.01,0.01,0.01,0.1,0.05,0.0
Lebanon,2013,13899.622641509435,0.16,565.6,22.16,22129638.0,-33745.44,22163384.0,5743440.0,46471385850.0,0.14,2.13,0.44,0.14,-0.01,1.17,0.17,0.0
Ukraine,1992,45527.77777777778,-0.87,651.3,589.28,600160900.0,10878049.0,589282800.0,52323675.0,73942235330.0,0.98,5.22,0.17,0.04,-0.75,0.78,3.61,0.23
Uganda,2010,51090.0,0.05,1702.55,3.57,22778468.0,19208850.0,3569619.0,32390800.0,20186496527.0,0.01,0.02,0.01,0.01,0.44,0.04,0.02,0.0
Burkina Faso,2012,0.0,-0.03,713.05,2.62,30187620.0,27572370.0,2615250.0,17172283.0,11166063467.0,0.01,0.05,0.01,0.01,0.34,0.09,0.01,0.0
Sri Lanka,1993,23760.0,-0.18,1753.05,4.97,17903708.0,12928278.0,4975431.0,17025923.0,10338679636.0,0.01,0.02,0.02,0.06,0.26,0.18,0.04,0.04
Ecuador,2000,105080.0,-0.95,3187.64,20.93,31493428.0,10566133.0,20927296.0,12689214.0,18327764882.0,0.16,0.34,0.1,0.13,2.88,0.63,0.22,0.1
Pakistan,1994,13499.811320754718,-0.61,604.35,84.02,93967410.0,9949115.0,84018296.0,130748078.0,51894781282.0,0.07,0.18,0.03,0.01,0.06,0.15,0.16,0.01
Finland,2006,1160.0,0.27,608.12,68.37,82799740.0,14426743.0,68373000.0,5266247.0,216553000000.0,0.63,7.28,0.11,0.6,-1.69,2.43,1.85,0.43
Namibia,1999,192220.0,-0.02,357.53,1.74,4116723.8,2376323.8,1740400.0,1776370.0,3818954449.0,0.02,0.02,0.0,0.06,5.94,0.64,0.09,0.34
Italy,2003,3232.7659574468084,0.28,868.06,495.09,452762880.0,-42329420.0,495092300.0,57739696.0,1569650000000.0,1.28,2.85,0.29,0.27,-0.6,2.11,1.32,0.15
El Salvador,1998,4500.0,0.09,1922.62,5.73,10625046.0,4893858.0,5731188.0,5880786.0,10936669900.0,0.08,0.25,0.08,0.03,0.18,0.39,0.17,0.0
Papua New Guinea,2000,9910.0,-0.05,3868.73,2.94,43009012.0,40071116.0,2937897.0,5537068.0,3521339699.0,0.01,0.16,0.0,0.03,4.77,0.15,0.18,0.01
Malaysia,1993,51925.92592592593,-0.48,2875.29,86.61,268785200.0,182172850.0,86612380.0,19322667.0,66894448545.0,0.13,1.54,0.18,0.12,5.49,0.9,0.92,0.01
Spain,2010,1980.0,-0.54,813.16,282.94,254066180.0,-28872248.0,282938430.0,46840470.0,1431620000000.0,0.58,1.92,0.24,0.77,-0.41,2.1,0.84,0.17
Sri Lanka,2009,103840.0,0.17,1698.91,12.94,38150216.0,25205572.0,12944645.0,20756435.0,42066217872.0,0.02,0.2,0.04,0.04,0.11,0.26,0.05,0.03
Angola,1999,44683.01886792453,-0.41,1231.72,17.26,42052230.0,24790954.0,17261278.0,15667234.0,6152922943.0,0.08,0.05,0.01,0.08,0.65,0.07,0.09,0.0
Sweden,2006,31218.0,0.66,820.38,53.74,54577616.0,839752.2,53737864.0,9080626.0,420032000000.0,0.36,1.27,0.16,0.95,-0.82,2.32,1.08,0.17
Nicaragua,1995,111345.0,-0.09,1798.25,2.76,83665660.0,80910610.0,2755058.0,4642935.0,4140470000.0,0.03,0.2,0.03,0.01,4.2,0.24,0.06,0.0
Uruguay,2011,2056.4285714285716,-0.18,1082.63,7.65,20212212.0,12559569.0,7652644.0,3326829.0,47962439304.0,0.16,0.69,0.11,0.44,-2.06,0.97,0.2,0.16
Azerbaijan,1993,13792.105263157895,-2.02,665.67,48.41,50200250.0,1794150.9,48406096.0,7504118.0,3970953396.0,0.31,2.98,0.04,0.08,-0.21,0.49,0.96,0.24
Poland,1996,552.0,-2.1,712.46,377.28,366789100.0,-10496261.0,377285340.0,38359165.0,159954000000.0,1.3,5.02,0.16,0.04,0.06,0.66,1.76,0.36
Bangladesh,1997,4490.0,-0.62,2300.59,23.14,31291714.0,8147600.5,23144114.0,127198069.0,48244309133.0,0.03,0.06,0.0,0.0,0.14,0.03,0.03,0.01
Finland,1997,5117.0,-0.41,606.42,62.7,72150850.0,9447844.0,62703000.0,5139926.0,126833000000.0,1.09,5.69,0.09,0.44,-5.02,2.28,2.32,0.33
Lesotho,1994,17848.67924528302,-1.06,951.22,1.67,1954267.8,279819.7,1674448.0,1927709.0,878250450.6,0.05,0.0,0.0,0.0,0.0,0.13,0.64,0.0
Serbia,2013,60.0,0.55,733.51,44.57,22144228.0,-22424888.0,44569116.0,7276184.0,45519650911.0,0.31,4.54,0.11,0.02,-0.39,0.79,0.57,0.06
France,2001,5693.125,-0.24,1115.8,410.44,388564450.0,-21881004.0,410445440.0,59905130.0,1376470000000.0,1.51,1.17,0.14,0.38,-1.1,2.24,0.99,0.24
Cyprus,2001,13.333333333333334,0.52,408.46,6.98,5264813.5,-1711234.6,6976048.0,964129.0,10397896175.0,0.24,2.98,0.78,1.66,-0.27,1.87,1.39,0.0
Belize,2012,11490.0,0.07,1621.91,0.45,4602753.0,4152081.2,450672.0,334420.0,1563827850.0,0.12,0.06,0.0,0.12,16.27,1.02,0.18,0.0
Albania,2001,14800.0,-0.11,1179.97,3.22,3076880.8,-143775.36,3220656.0,3147941.0,3922100794.0,0.09,0.11,0.0,0.04,-0.36,0.49,0.17,0.17
Argentina,2008,259400.0,0.3,683.7,187.34,275776800.0,88434420.0,187342380.0,40424149.0,361558000000.0,0.62,1.46,0.1,0.14,2.4,1.13,0.51,0.29
United Kingdom,1996,189.1891891891892,-0.88,876.05,586.76,600330700.0,13569953.0,586760700.0,58298563.0,1408780000000.0,1.93,3.83,0.11,0.54,0.2,2.07,1.17,0.16
Japan,2000,493.95348837209303,-0.12,1754.53,1263.99,1270697900.0,6704680.5,1263993200.0,127027796.0,4887520000000.0,1.19,3.75,0.28,0.29,-0.59,2.06,1.89,0.16
Fiji,1992,83131.11111111111,-0.36,1840.73,0.73,2072578.8,1342269.8,730309.0,785350.0,1531803061.0,0.06,0.08,0.04,0.37,-3.27,0.57,0.14,0.06
Turkey,1990,2220.0,-0.76,586.39,151.62,179476400.0,27861424.0,151614980.0,56015626.0,150676000000.0,0.41,0.7,0.19,0.02,-0.3,0.5,0.58,0.11
Finland,1998,4108.0,-1.41,801.0,59.36,69382744.0,10024741.0,59358000.0,5153548.0,133936000000.0,1.11,4.67,0.09,0.51,-4.99,2.3,2.6,0.34
Rwanda,2002,145.80645161290323,-0.19,1493.09,0.52,6986087.5,6467216.5,518871.0,8400185.0,1677552332.0,0.01,0.02,0.0,0.01,0.27,0.04,0.01,0.0
Vietnam,2008,20688.0,-0.62,2233.3,114.3,219602830.0,105300136.0,114302696.0,85175789.0,99130304099.0,0.12,0.35,0.18,0.02,0.2,0.28,0.42,0.02
Haiti,2015,22777.777777777777,0.72,652.17,2.66,7564042.0,4903385.0,2660657.0,10523249.0,8724656126.0,0.03,0.09,0.01,0.01,0.06,0.13,0.06,0.0
Chile,2008,11858.0,0.06,1455.31,70.55,99437760.0,28885218.0,70552540.0,16838987.0,179638000000.0,0.27,1.71,0.08,0.31,-2.11,1.22,0.72,0.03
Cyprus,2008,21.11111111111111,0.3,211.82,8.72,8241109.0,-475623.88,8716733.0,1091028.0,27839724623.0,0.47,3.63,0.75,1.56,-0.24,2.01,0.82,0.12
Australia,2010,416840.0,-0.42,624.74,405.13,929392500.0,524261500.0,405131000.0,22141583.0,1144260000000.0,0.57,11.22,0.16,0.56,1.34,3.96,1.67,0.28
Nepal,2015,0.0,0.0,1842.2,6.9,20028446.0,13123789.0,6904657.0,27823631.0,21410840909.0,0.03,0.0,0.05,0.01,0.09,0.07,0.1,0.01
Ethiopia,2014,92000.0,0.17,1034.07,11.67,92352450.0,80680990.0,11671452.0,101115615.0,55612228234.0,0.01,0.0,0.02,0.01,0.3,0.04,0.04,0.01
Argentina,1990,213600.0,-0.17,900.73,112.15,152031000.0,39882308.0,112148700.0,32755907.0,141352000000.0,0.53,0.89,0.06,0.11,1.42,0.87,0.43,0.14
Antigua and Barbuda,2012,197886.79245283018,0.08,1063.04,0.56,510395.2,-46532.8,556928.0,87275.0,1211411704.0,1.03,3.09,0.0,3.55,0.0,2.29,0.0,0.0
Croatia,2009,114.0,0.4,1098.75,21.76,15049825.0,-6706659.0,21756484.0,4310537.0,62754161039.0,0.63,1.51,0.29,0.07,-0.19,1.42,0.7,0.17
Cote d'Ivoire,2015,268.125,0.19,1150.13,9.56,73825960.0,64271212.0,9554745.0,25246346.0,39633467836.0,0.03,0.16,0.0,0.02,1.03,0.13,0.06,0.01
Solomon Islands,1993,2388.048780487805,-0.5,3043.41,0.17,1965552.9,1793344.9,172208.0,362851.0,410923236.2,0.0,0.08,0.0,0.08,10.78,0.33,0.06,0.03
Poland,1997,559.0,-0.82,774.36,367.24,358535500.0,-8700021.0,367235520.0,38348307.0,159118000000.0,1.2,4.87,0.18,0.04,0.06,0.7,1.66,0.38
Sri Lanka,2011,113850.0,-0.1,2290.72,14.89,39814908.0,24928756.0,14886152.0,21009054.0,65292753006.0,0.02,0.25,0.04,0.09,0.03,0.35,0.05,0.03
Denmark,1999,165.0,0.17,935.03,58.64,55246184.0,-3395355.5,58641540.0,5321814.0,177965000000.0,1.01,5.54,0.26,1.2,0.29,2.25,1.07,0.43
Paraguay,2002,356562.0,0.69,1218.09,3.86,53772304.0,49915040.0,3857264.0,5261335.0,7196260657.0,0.04,0.0,0.04,0.01,10.7,0.6,0.05,0.0
Estonia,2006,9274.0,0.25,588.12,16.44,13193892.0,-3244288.8,16438181.0,1346884.0,16963625016.0,0.34,8.69,0.3,0.62,0.9,1.71,0.76,0.16
Uganda,1998,51090.0,0.17,1478.37,1.21,13986701.0,12777944.0,1208757.0,22515809.0,6584815847.0,0.0,0.0,0.0,0.0,0.64,0.04,0.01,0.0
Chile,2000,14210.0,-0.56,1458.69,58.5,79655160.0,21152564.0,58502596.0,15503637.0,77860932152.0,0.27,1.07,0.07,0.19,-1.08,1.1,0.67,0.04
Vanuatu,2011,2620.3703703703713,0.11,2900.85,0.14,-1064465.4,-1200033.4,135568.0,243484.0,792149700.7,0.04,0.16,0.0,0.16,0.0,0.37,0.0,0.0
Mexico,1995,555330.0,0.12,837.25,330.9,458161300.0,127256000.0,330905300.0,90862449.0,360074000000.0,0.28,1.34,0.12,0.1,0.25,0.98,0.54,0.06
Sweden,2005,29485.0,0.26,770.87,53.88,56653780.0,2778484.5,53875296.0,9029770.0,389042000000.0,0.44,1.25,0.15,0.89,-0.83,2.32,1.19,0.2
Spain,2002,4956.0,0.08,688.48,331.95,316263360.0,-15686720.0,331950080.0,41755702.0,705146000000.0,0.6,2.84,0.37,0.72,-0.46,2.31,1.23,0.14
Kazakhstan,1998,293.0232558139535,-0.56,325.28,144.28,108341690.0,-35940984.0,144282670.0,15647789.0,22135245413.0,0.01,3.91,0.0,0.05,-0.05,0.51,2.76,1.01
Ecuador,2002,103290.0,-0.53,3243.85,24.83,21512818.0,-3314234.5,24827052.0,13138473.0,28548945000.0,0.17,0.39,0.1,0.17,2.17,0.67,0.22,0.11
Suriname,2005,6985.0,0.23,1814.31,1.59,3122307.0,1533787.1,1588520.0,519322.0,1793388732.0,0.1,1.35,0.06,0.21,7.36,0.96,0.13,0.64
Tanzania,1991,400000.0,-0.37,1177.61,2.26,44496972.0,42241704.0,2255268.0,26780442.0,4956588279.0,0.01,0.01,0.01,0.01,1.93,0.02,0.01,0.0
Ghana,1995,12683.018867924528,-0.41,1288.09,4.62,51390348.0,46766380.0,4623968.0,17399023.0,6465137615.0,0.02,0.0,0.0,0.01,0.57,0.12,0.03,0.01
Poland,2009,616.0,-0.18,771.8,316.04,254259680.0,-61783136.0,316042800.0,38002154.0,439796000000.0,1.22,4.29,0.15,0.06,-1.48,1.18,0.72,0.26
Norway,2010,5980.0,-1.71,992.27,45.62,48927136.0,3306137.0,45621000.0,4889160.0,429131000000.0,0.36,3.09,0.15,0.54,-3.83,3.07,1.32,0.26
Senegal,1998,38137.02127659575,0.6,401.34,3.33,36025424.0,32691858.0,3333565.0,9502952.0,6368265194.0,0.03,0.13,0.04,0.08,0.51,0.11,0.05,0.02
Kiribati,1990,108.83720930232555,0.3,659.37,0.02,21984.0,0.0,21984.0,74871.0,39809538.68,0.0,0.13,0.0,0.0,0.0,0.13,0.0,0.0
Uruguay,2002,894.0,-0.02,2002.19,4.56,4123792.8,-433964.16,4557757.0,3278867.0,13606494599.0,0.17,0.09,0.13,0.35,-3.03,0.66,0.17,0.16
Hungary,1992,18838.0,0.07,578.39,62.28,54027044.0,-8253709.5,62280750.0,10371477.0,38724945368.0,1.35,2.37,0.08,0.04,0.15,0.69,0.91,0.19
Tanzania,2014,453600.0,0.15,1070.75,11.09,125697020.0,114611280.0,11085741.0,50351505.0,48219739331.0,0.01,0.05,0.02,0.01,1.02,0.11,0.03,0.0
Guatemala,2015,11600.0,0.66,1742.43,15.95,48148116.0,32196228.0,15951887.0,15971745.0,63767597194.0,0.06,0.3,0.09,0.09,0.48,0.46,0.12,0.0
United States,2008,0.0,-0.6,817.45,5915.12,5905518600.0,-9600193.0,5915118600.0,304970328.0,14718600000000.0,1.82,8.92,0.14,0.51,-1.28,5.6,1.56,0.18
Mauritania,1990,37720.0,0.07,56.11,0.85,2715024.0,1861312.0,853712.0,1951881.0,1019600771.0,0.0,0.0,0.0,0.0,0.2,0.0,0.0,0.0
Netherlands,1998,2308.0,-0.22,1139.86,176.18,184096940.0,7918270.0,176178670.0,15827109.0,432476000000.0,1.91,4.59,0.03,2.98,0.43,1.99,1.45,0.62
Tunisia,2000,4340.0,-0.0,136.69,19.55,18661012.0,-890498.56,19551510.0,9764940.0,21473188882.0,0.27,0.65,0.3,0.09,-0.09,0.41,0.37,0.11
Cote d'Ivoire,2014,257.8125,0.14,1317.96,9.9,160341420.0,150438190.0,9903225.0,24527392.0,35343298114.0,0.03,0.16,0.0,0.01,1.06,0.11,0.05,0.01
Bulgaria,2012,0.0,0.54,712.42,48.36,44236530.0,-4124784.5,48361310.0,7317021.0,53903022339.0,0.2,4.19,0.13,0.09,-1.67,1.12,0.45,0.07
Zimbabwe,1992,46070.0,0.87,529.45,16.7,37741028.0,21038652.0,16702375.0,10702697.0,6751472200.0,0.08,0.82,0.03,0.02,0.97,0.21,0.43,0.15
Nigeria,2006,163310.0,0.4,1009.23,90.99,137539860.0,46552804.0,90987060.0,149077333.0,236104000000.0,0.02,0.11,0.01,0.01,0.31,0.16,0.04,0.02
Tunisia,2008,2004.0,0.16,167.07,25.54,28013898.0,2476241.2,25537656.0,10542637.0,44856586316.0,0.28,0.69,0.38,0.08,-0.12,0.44,0.48,0.11
Paraguay,2009,407039.0,0.21,1290.24,4.53,68552650.0,64021148.0,4531500.0,5671245.0,22341754514.0,0.04,0.0,0.05,0.01,9.93,0.7,0.02,0.0
Papua New Guinea,1998,10362.0,0.37,4028.56,3.53,44768810.0,41236268.0,3532541.0,5166392.0,3789443015.0,0.01,0.17,0.0,0.03,4.69,0.15,0.12,0.06
Indonesia,2005,862666.6666666666,-0.0,3123.93,347.62,999814300.0,652197250.0,347617020.0,230871649.0,285869000000.0,0.14,0.54,0.08,0.01,1.82,0.3,0.35,0.05
Mauritius,1996,220.0,-0.6,981.15,1.95,1944118.4,-5129.6,1949248.0,1172389.0,4421943910.0,0.11,0.59,0.0,0.44,-0.02,0.46,0.21,0.0
Samoa,2006,436.1290322580645,-0.06,3522.28,0.17,-161545.75,-333753.75,172208.0,187725.0,508503671.3,0.05,0.27,0.0,0.16,0.59,0.53,0.11,0.0
Chile,2010,11270.0,-0.34,1487.14,71.35,98214210.0,26866684.0,71347520.0,17181462.0,218538000000.0,0.3,1.6,0.06,0.16,-2.07,1.25,0.8,0.05
Fiji,2000,59480.740740740745,0.06,2653.31,0.82,732558.56,-82293.45,814852.0,840913.0,1684109743.0,0.05,0.19,0.05,0.83,-3.06,0.55,0.15,0.02
Mozambique,2006,267030.0,0.02,886.85,1.92,75733690.0,73818060.0,1915622.0,20787088.0,8312078525.0,0.01,0.0,0.01,0.01,2.35,0.05,0.01,0.0
Nicaragua,2012,78702.0,-0.11,1592.76,4.55,13050724.0,8500957.0,4549767.0,5901290.0,10532001130.0,0.07,0.29,0.04,0.01,1.86,0.29,0.09,0.01
Belarus,2002,6580.0,0.4,619.95,53.84,54485344.0,641200.0,53844144.0,9873451.0,14594249023.0,0.52,3.44,0.1,0.0,-0.42,0.67,0.33,0.19
Germany,1992,6606.0,-0.08,846.47,969.46,953201540.0,-16262847.0,969464400.0,80934901.0,2123130000000.0,2.22,4.85,0.18,0.24,-0.4,2.03,1.54,0.2
Kuwait,1990,0.0,-0.36,53.78,37.81,37830560.0,23522.88,37807036.0,1684833.0,18427777778.0,0.09,12.17,0.23,0.64,-0.01,1.69,2.41,0.0
Guinea,1998,41313.846153846156,0.27,1599.34,1.36,9353020.0,7990011.5,1363008.0,8081994.0,3588376057.0,0.01,0.04,0.0,0.01,1.3,0.05,0.07,0.0
Sierra Leone,2002,268.6206896551724,0.01,2542.98,0.5,98093190.0,97591224.0,501968.03,4971436.0,1253340520.0,0.01,0.02,0.0,0.01,0.67,0.03,0.02,0.02
Australia,2011,347941.6666666667,-0.82,653.07,403.86,671389000.0,267530930.0,403858080.0,22479778.0,1394280000000.0,0.58,10.74,0.16,0.53,-1.29,3.99,1.76,0.27
Belgium,1999,2695.2380952380954,0.21,949.61,124.68,130278500.0,5595660.5,124682830.0,10226681.0,260202000000.0,2.69,2.92,0.3,1.89,-0.38,2.37,2.72,0.29
Madagascar,2003,56250.0,-0.02,1561.23,1.69,74245590.0,72553540.0,1692058.0,18071858.0,5474030080.0,0.0,0.02,0.0,0.01,1.16,0.05,0.01,0.0
Malaysia,2003,76740.74074074074,-0.02,2589.84,153.38,265130770.0,111746430.0,153384340.0,24679604.0,110202000000.0,0.15,2.48,0.31,0.19,3.86,1.54,1.2,0.01
Mozambique,1996,247818.0,-0.37,953.09,1.09,51109624.0,50017812.0,1091814.0,16492483.0,3523842275.0,0.01,0.0,0.0,0.0,2.93,0.05,0.0,0.0
Uganda,1994,51090.0,-0.35,1838.86,0.71,14854991.0,14146814.0,708177.0,20108803.0,3990430447.0,0.0,0.0,0.0,0.0,0.71,0.03,0.01,0.0
Mozambique,1994,238212.0,-0.32,741.4,1.1,38441410.0,37343376.0,1098034.0,15033850.0,2460670288.0,0.0,0.0,0.0,0.01,3.22,0.05,0.01,0.01
Rwanda,1992,49.03225806451613,-0.41,1601.83,0.48,1512477.5,1032991.5,479486.0,7683265.0,2029026704.0,0.0,0.0,0.0,0.01,0.32,0.04,0.01,0.0
France,2006,7208.75,0.26,1101.45,406.16,383037440.0,-23119510.0,406156960.0,62049831.0,2318590000000.0,1.38,1.24,0.15,0.41,-1.06,2.11,0.88,0.23
Morocco,2015,0.0,0.3,257.68,58.5,90343880.0,31848698.0,58495180.0,34607590.0,101180000000.0,0.19,0.64,0.15,0.07,-0.04,0.47,0.22,0.07
Slovenia,2005,340.0,-1.09,1227.29,16.94,16836858.0,-98781.44,16935640.0,1996914.0,36346974008.0,1.09,3.15,0.25,0.07,-5.77,2.16,1.18,0.15
Benin,1998,7440.0,0.24,1087.72,1.11,40602616.0,39488760.0,1113856.0,6789491.0,2455092582.0,0.04,0.01,0.0,0.01,2.21,0.11,0.02,0.0
Samoa,2004,416.77419354838713,0.2,2677.37,0.16,-167005.12,-331885.12,164880.0,186266.0,420320176.4,0.05,0.21,0.0,0.16,0.59,0.54,0.11,0.0
Spain,2011,2332.0,0.54,571.98,283.8,295989700.0,12189102.0,283800600.0,46998040.0,1488070000000.0,0.53,2.19,0.2,0.82,-0.17,1.96,0.82,0.16
Fiji,1997,68349.62962962964,-0.52,2479.32,0.76,845918.94,81633.92,764285.0,812145.0,2093994597.0,0.06,0.15,0.05,0.53,-3.16,0.53,0.16,0.02
India,1990,384000.0,-0.53,1431.01,578.0,751029700.0,173033650.0,577996000.0,864972219.0,316697000000.0,0.07,0.27,0.03,0.01,-0.26,0.07,0.17,0.03
Cote d'Ivoire,2008,195.9375,0.07,1384.25,6.71,40556610.0,33844004.0,6712605.0,21514445.0,24224903100.0,0.03,0.13,0.0,0.02,1.21,0.07,0.03,0.03
Belize,1999,7518.0,-0.72,1706.14,0.35,5369738.5,5021658.5,348080.0,233064.0,732732350.0,0.17,0.26,0.0,0.3,27.85,1.03,0.13,0.0
Turkmenistan,1994,7160.4,-0.8,191.69,34.22,40453588.0,6237447.0,34216140.0,4116662.0,2496503231.0,2.54,2.73,0.07,0.16,0.0,1.03,0.16,1.46
India,2005,648950.0,-0.08,1156.14,1194.59,1238216200.0,43623770.0,1194592400.0,1154676319.0,808901000000.0,0.07,0.52,0.05,0.01,0.0,0.1,0.2,0.04
Guatemala,2008,31620.0,-0.38,2063.79,10.89,36932444.0,26039278.0,10893166.0,13935173.0,39136954238.0,0.04,0.22,0.07,0.06,0.98,0.37,0.11,0.0
Ethiopia,2009,92000.0,0.56,816.84,6.45,146900980.0,140447540.0,6453445.0,88007639.0,32437389116.0,0.01,0.01,0.01,0.01,0.34,0.03,0.02,0.01
China,1995,320150.0,-0.38,860.51,3361.64,4160353500.0,798716400.0,3361637000.0,1220133927.0,734548000000.0,0.3,0.97,0.15,0.01,-0.28,0.1,0.88,0.12
Norway,2006,6188.0,1.03,1202.27,43.84,46467770.0,2625769.0,43842000.0,4660485.0,345425000000.0,0.33,2.6,0.17,0.6,-4.03,2.94,1.31,0.44
Cameroon,2009,59370.0,0.28,1709.59,8.56,80374420.0,71819460.0,8554963.0,19113979.0,26017925552.0,0.02,0.08,0.02,0.02,2.14,0.13,0.02,0.0
Spain,2008,2724.0,-0.5,707.25,335.89,311754000.0,-24134952.0,335888930.0,46235055.0,1635020000000.0,0.56,2.63,0.31,0.83,-0.41,2.38,0.97,0.17
Comoros,2015,16806.296296296292,0.33,1387.9,0.18,195474.4,15938.4,179536.0,726685.0,988150249.5,0.04,0.07,0.0,0.0,0.08,0.15,0.0,0.0
Uruguay,1996,495.0,-0.24,1116.2,5.4,4541560.0,-863604.8,5405165.0,3206330.0,20515543039.0,0.18,0.29,0.1,0.3,-4.11,0.72,0.21,0.19
Niger,1990,64190.0,-0.26,61.93,0.6,79565070.0,78966270.0,598802.0,8286066.0,2480673195.0,0.0,0.03,0.0,0.0,0.68,0.03,0.01,0.0
Kazakhstan,1996,301.39534883720927,-1.63,305.19,154.5,110832780.0,-43672244.0,154505020.0,16416036.0,21035357833.0,0.01,4.42,0.0,0.05,-0.05,0.5,3.01,1.09
Armenia,2008,468952.0,0.03,812.74,5.58,7424340.5,1849550.6,5574790.0,2959996.0,11662040714.0,0.4,0.35,0.14,0.06,0.04,0.43,0.45,0.15
Croatia,1997,299.0625,-0.76,1020.7,18.57,26227124.0,7660288.0,18566836.0,4504629.0,23822087054.0,0.53,1.33,0.18,0.07,-0.19,0.84,0.67,0.17
Spain,1991,4894.390243902439,-0.83,582.02,240.01,223546860.0,-16462315.0,240009180.0,39201749.0,575599000000.0,0.46,2.02,0.3,0.42,-1.09,1.68,1.09,0.12
Turkey,2010,1030.0,1.69,758.94,316.19,270372260.0,-45820812.0,316193060.0,73346766.0,771902000000.0,0.67,1.54,0.41,0.07,-0.59,0.59,0.66,0.19
Jordan,1992,418.6046511627907,-1.99,94.46,11.98,12795958.0,811759.2,11984199.0,4127700.0,5311329067.0,0.34,1.07,0.31,0.15,0.0,0.65,0.31,0.21
Kuwait,2001,0.0,0.35,108.38,59.05,59069644.0,18796.32,59050850.0,2008127.0,34890772742.0,0.17,17.96,0.17,1.24,-0.01,3.05,3.55,0.0
Qatar,1997,0.0,-0.87,151.37,42.18,42198100.0,15681.92,42182420.0,550511.0,11297802115.0,0.27,23.23,0.49,1.14,0.0,4.27,7.07,0.0
Thailand,1997,31500.0,-0.05,1492.89,181.2,269709440.0,88506700.0,181202740.0,60724589.0,150180000000.0,0.07,1.07,0.32,0.17,0.19,0.85,0.54,0.14
Madagascar,2011,47480.76923076923,0.19,1388.98,2.37,37690800.0,35316856.0,2373945.0,22822305.0,9892702358.0,0.01,0.03,0.0,0.01,0.4,0.04,0.01,0.0
Belize,2010,11710.0,0.09,1608.2,0.54,5654028.0,5115420.0,538608.0,320256.0,1396731700.0,0.16,0.06,0.0,0.12,10.05,1.03,0.37,0.0
Lithuania,2002,140.0,0.38,698.45,12.7,-7219611.0,-19921094.0,12701483.0,3444051.0,14278357284.0,0.25,1.55,0.08,0.12,1.5,1.0,0.32,0.05
Trinidad and Tobago,2000,4699.259259259259,-0.46,1567.99,24.37,23411308.0,-954984.94,24366292.0,1319781.0,8154338233.0,0.37,4.23,0.24,1.17,0.06,1.24,1.52,0.0
Cameroon,2003,67590.0,0.02,1704.71,5.7,27695766.0,21991144.0,5704622.0,16160340.0,14548845765.0,0.04,0.01,0.02,0.02,2.53,0.13,0.01,0.0
Equatorial Guinea,1997,7307.272727272728,-0.36,2911.85,1.98,4049054.2,2074300.2,1974754.0,616898.0,442337849.5,0.06,0.03,0.0,0.02,6.21,0.15,0.06,0.0
Algeria,2000,14500.0,-0.38,40.6,85.4,90485810.0,5087207.5,85398600.0,30903895.0,54790245601.0,0.3,0.94,0.12,0.06,0.02,0.55,0.2,0.0
Kenya,2015,113.02325581395345,0.47,772.16,17.0,41186028.0,24187530.0,16998498.0,47088527.0,64007751188.0,0.04,0.03,0.07,0.05,0.18,0.17,0.08,0.0
Cameroon,2012,58000.0,-0.03,1690.07,7.6,41965170.0,34361796.0,7603374.0,20809531.0,29104437355.0,0.02,0.06,0.02,0.01,1.6,0.14,0.02,0.0
Romania,2003,159.0,-0.65,670.85,103.84,91550560.0,-12285649.0,103836210.0,21593447.0,59867801205.0,0.41,2.43,0.12,0.02,-0.13,0.58,0.96,0.04
Algeria,2014,4600.0,0.56,73.53,151.28,153737330.0,2454550.2,151282780.0,39205035.0,213810000000.0,0.49,1.22,0.2,0.06,-0.02,1.11,0.26,0.06
Samoa,2008,455.48387096774195,-0.37,2737.6,0.16,-218667.53,-379883.53,161216.0,190118.0,644132488.9,0.05,0.26,0.0,0.21,0.58,0.53,0.11,0.0
Kiribati,2003,54.41860465116275,0.37,883.62,0.04,40304.0,0.0,40304.0,94190.0,90231856.8,0.0,0.11,0.0,0.0,0.0,0.32,0.0,0.0
Guatemala,2013,17904.0,0.35,2123.5,12.81,35658150.0,22846470.0,12811682.0,15387341.0,53851148432.0,0.05,0.22,0.07,0.07,0.5,0.39,0.11,0.0
Paraguay,2013,333304.0,-0.11,1213.86,5.17,79787120.0,74614980.0,5172147.0,5982446.0,38585317743.0,0.04,0.0,0.04,0.02,11.4,0.79,0.02,0.0
Uganda,2015,51090.0,0.5,1536.57,4.53,10904411.0,6378841.0,4525570.0,37531444.0,27102650387.0,0.01,0.0,0.01,0.01,0.38,0.07,0.03,0.0
Nepal,2005,935.0,0.01,1799.31,2.99,22878116.0,19891344.0,2986772.0,26309462.0,8130258041.0,0.04,0.0,0.0,0.01,-0.18,0.03,0.04,0.01
Japan,2009,456.27906976744185,0.11,1755.16,1163.39,1150350800.0,-13041824.0,1163392600.0,128192471.0,5231380000000.0,0.97,3.93,0.2,0.24,-0.76,1.78,1.56,0.16
Brazil,2010,1867800.0,0.33,1684.85,440.27,1443258500.0,1002989500.0,440269020.0,193701931.0,2208870000000.0,0.1,0.36,0.11,0.1,5.69,0.87,0.51,0.09
Azerbaijan,2006,65675.78947368421,0.21,563.28,34.52,36625696.0,2103868.8,34521828.0,8711380.0,20982986344.0,0.67,1.95,0.09,0.14,-0.21,0.56,0.19,0.02
Cyprus,1992,3.3333333333333335,-1.93,372.35,5.5,3029082.5,-2475068.5,5504151.0,810343.0,6912150456.0,0.27,2.64,0.85,1.28,-0.09,1.62,1.39,0.0
Belgium,2012,1686.0,-0.32,984.51,102.44,104609270.0,2174730.5,102434540.0,11107524.0,497884000000.0,2.11,2.28,0.24,2.12,-0.21,2.22,1.57,0.17
Uruguay,2007,1479.0,-0.36,1360.74,5.95,28117008.0,22169508.0,5947501.0,3295155.0,23410572634.0,0.16,0.39,0.08,0.38,-3.01,0.81,0.2,0.14
Vanuatu,1990,13625.925925925925,0.01,1921.18,0.07,2178064.8,2112112.8,65952.0,148073.0,158397403.0,0.07,0.14,0.0,0.14,0.0,0.27,0.0,0.0
Equatorial Guinea,2015,8360.0,0.33,2630.97,7.03,10108939.0,3075451.8,7033487.0,1453926.0,13180195435.0,0.09,1.05,0.0,0.08,2.63,0.42,0.73,0.0
Sierra Leone,1995,227.58620689655172,-0.11,2578.4,0.22,5467457.5,5243953.5,223504.0,4179178.0,870758739.4,0.01,0.02,0.0,0.01,0.8,0.02,0.0,0.0
France,1999,5086.875,-0.06,1211.05,412.02,394481900.0,-17538908.0,412020800.0,59084208.0,1492650000000.0,1.57,1.26,0.14,0.4,-0.41,2.19,0.96,0.23
Burkina Faso,1997,0.0,-0.41,613.09,0.76,22507676.0,21747636.0,760039.0,10934224.0,2447669404.0,0.01,0.02,0.0,0.01,1.12,0.03,0.0,0.0
Austria,1990,3450.0,-0.67,1157.07,62.18,59914276.0,-2269628.2,62183904.0,7679626.0,166463000000.0,1.55,2.6,0.26,0.12,-1.73,1.77,1.24,0.16
Fiji,1995,74262.22222222222,-0.18,1679.55,0.74,1219978.6,483281.6,736697.0,798751.0,1970347721.0,0.06,0.13,0.05,0.48,-3.22,0.54,0.15,0.01
Finland,2010,540.0,-1.6,651.86,64.09,78355590.0,14263586.0,64092004.0,5363347.0,247800000000.0,0.57,6.58,0.1,0.42,-1.6,2.33,1.69,0.4
El Salvador,2013,4500.0,0.23,1376.47,6.09,4863368.0,-1231104.0,6094472.0,6138845.0,21977401900.0,0.11,0.27,0.08,0.07,0.18,0.45,0.14,0.0
Estonia,2012,8742.0,-1.0,936.1,17.76,15581737.0,-2179677.0,17761414.0,1322616.0,23043864510.0,0.32,9.62,0.31,1.1,-2.62,1.72,0.62,0.2
Seychelles,1991,51.724137931034484,-0.05,1259.98,0.17,172208.0,0.0,172208.0,74838.0,374359556.1,0.13,1.2,0.0,4.41,0.0,0.67,0.0,0.27
Austria,2014,5808.0,1.18,1373.54,64.17,63071572.0,-1094253.6,64165824.0,8547812.0,441885000000.0,0.87,2.26,0.19,0.23,-0.8,2.65,1.21,0.09
Moldova,2003,1539.0,-0.89,491.08,4.4,2110274.2,-2293993.8,4404268.0,4095419.0,1980901554.0,0.33,1.03,0.06,0.01,-0.23,0.28,0.14,0.07
Switzerland,2011,1340.0,0.81,1431.45,40.97,40633584.0,-339066.56,40972652.0,7914378.0,699580000000.0,1.62,0.45,0.24,0.57,-0.21,2.15,0.67,0.08
Guyana,2013,10196.0,-0.12,2151.53,1.9,4732642.0,2827362.2,1905280.0,750021.0,2987684143.0,0.11,1.07,0.0,0.04,20.69,0.84,0.27,0.36
Fiji,2006,41742.96296296296,-0.08,1962.19,1.15,-263624.88,-1410456.9,1146832.0,890370.0,3102741451.0,0.06,0.36,0.0,0.76,-2.89,0.6,0.28,0.06
Bahrain,2002,8.0,0.41,37.98,20.11,20111842.0,146.56,20111696.0,752206.0,9632155053.0,0.27,20.06,0.0,1.74,0.0,2.37,0.17,0.0
Serbia,2000,31908.75,0.85,477.81,44.95,32268244.0,-12681947.0,44950190.0,7694608.0,6540247190.0,0.3,4.17,0.14,0.01,-0.38,0.3,0.68,0.13
Sudan,2008,228965.0,0.15,178.42,14.18,67891750.0,53713104.0,14178651.0,33623981.0,54526580232.0,0.02,0.12,0.0,0.01,0.65,0.23,0.05,0.02
Libya,2008,12376.25,0.28,28.73,49.7,49530950.0,-168287.52,49699240.0,6235433.0,87140405361.0,0.28,4.11,0.34,0.31,0.0,2.16,0.59,0.0
Tanzania,1997,400000.0,-0.12,1247.27,2.82,66953590.0,64129230.0,2824358.0,31578094.0,7683852497.0,0.02,0.02,0.01,0.01,1.63,0.04,0.01,0.0
Sudan,2014,258995.0,0.31,218.78,13.1,79122590.0,66027736.0,13094856.0,38823324.0,82151588419.0,0.03,0.06,0.03,0.01,0.55,0.24,0.04,0.01
Netherlands,2002,2984.0,0.27,981.47,176.52,181736690.0,5211307.0,176525380.0,16288060.0,465369000000.0,1.79,4.5,0.03,3.37,0.4,2.03,1.45,0.54
Malawi,2011,42000.0,0.07,1280.48,1.06,10402359.0,9346205.0,1056154.0,15265026.0,8004000737.0,0.0,0.01,0.0,0.0,0.52,0.04,0.01,0.01
Luxembourg,2007,47046.66666666667,0.43,964.71,11.3,11495038.0,190051.67,11304986.0,480277.0,50888134410.0,3.1,2.64,0.85,2.71,-1.06,13.78,2.64,0.12
Mauritius,2005,230.0,0.17,1177.53,3.29,3474278.0,180342.08,3293936.0,1257214.0,6283803256.0,0.14,1.25,0.0,1.06,0.06,0.68,0.28,0.01
Bangladesh,1998,4060.0,-0.05,2504.12,23.22,31509292.0,8293171.5,23216120.0,129622333.0,49984559471.0,0.03,0.06,0.0,0.0,0.14,0.03,0.02,0.01
Mexico,1999,450946.0,-0.21,786.43,386.04,508838600.0,122798590.0,386040000.0,97115711.0,600233000000.0,0.24,1.57,0.14,0.12,0.23,1.04,0.53,0.07
Belarus,2014,3620.0,0.49,624.36,63.65,66482572.0,2833701.0,63648870.0,9472704.0,78813839984.0,0.51,3.47,0.28,0.04,0.41,1.22,0.56,0.22
Paraguay,2004,370984.0,-0.29,1179.63,4.06,56178740.0,52117430.0,4061307.0,5388181.0,9624440836.0,0.04,0.0,0.04,0.01,10.45,0.63,0.04,0.0
Belgium,1993,3178.095238095238,-0.76,947.68,121.43,129811080.0,8383745.0,121427336.0,10084932.0,225925000000.0,2.64,3.1,0.31,1.61,-0.38,2.15,2.44,0.27
Samoa,2014,513.5483870967743,0.04,2883.96,0.2,841694.1,640174.1,201520.0,200051.0,805162571.8,0.05,0.3,0.0,0.2,0.55,0.55,0.1,0.0
Sweden,2009,36417.0,-0.27,782.63,47.24,49076276.0,1837935.6,47238340.0,9298738.0,429657000000.0,0.25,1.13,0.14,0.96,-0.76,2.18,0.74,0.16
Ecuador,1996,115024.0,-0.79,2852.18,25.3,60131496.0,34831596.0,25299900.0,11810954.0,25226393197.0,0.15,0.35,0.12,0.17,3.09,0.85,0.26,0.01
Cyprus,2003,15.555555555555557,0.1,417.15,7.56,7432191.0,-125088.95,7557280.0,999602.0,14547327293.0,0.27,3.55,0.75,1.41,-0.26,1.89,1.37,0.0
Eritrea,1996,8107.5,-0.41,434.84,0.86,-1427428.2,-2289267.2,861839.0,2128465.0,693535954.2,0.04,0.16,0.01,0.23,0.21,0.18,0.02,0.0
Nepal,2014,0.0,-0.16,1944.98,7.59,16105920.0,8514586.0,7591334.0,27672373.0,20002968838.0,0.04,0.0,0.04,0.01,0.09,0.08,0.09,0.01
Comoros,1996,150115.92592592593,-0.46,1441.79,0.08,410551.2,329943.2,80608.0,499113.0,396053797.6,0.02,0.04,0.0,0.0,0.12,0.1,0.0,0.0
Nepal,2006,748.0,0.46,1751.56,2.46,20554832.0,18098364.0,2456469.0,26565431.0,9043715356.0,0.03,0.0,0.0,0.01,-0.18,0.03,0.02,0.01
Sao Tome and Principe,2015,620.0,-0.27,1181.57,0.14,514022.56,378454.56,135568.0,200306.0,315521532.0,0.05,0.3,0.0,0.05,1.1,0.25,0.0,0.0
Greece,1990,32573.584905660377,-0.16,588.26,83.44,85413560.0,1975519.0,83438040.0,10258492.0,97891090929.0,0.5,3.62,0.56,1.02,-0.1,1.47,0.94,0.28
United States,1994,0.0,-0.33,843.49,5364.28,5579422000.0,215142720.0,5364279300.0,265474811.0,7308760000000.0,2.17,8.89,0.14,0.49,-1.54,5.68,2.01,0.17
Sao Tome and Principe,2003,552.258064516129,0.25,1898.96,0.07,211046.4,145094.4,65952.0,153823.0,95544010.78,0.07,0.13,0.0,0.07,0.07,0.2,0.07,0.0
Jamaica,2012,588.0,-0.07,1062.82,7.91,10022597.0,2109768.0,7912829.0,2772431.0,14798716216.0,0.11,0.98,0.12,0.25,0.08,0.54,0.68,0.07
Uganda,2006,51090.0,-0.1,1719.84,2.38,19470596.0,17087210.0,2383386.0,28794005.0,9942597780.0,0.01,0.01,0.01,0.0,0.5,0.04,0.02,0.0
Kuwait,2009,0.0,-0.11,125.08,88.72,88734870.0,15938.4,88718936.0,2795490.0,105900000000.0,0.18,18.57,0.26,1.3,-0.01,4.2,3.51,0.0
Malaysia,2008,89148.14814814815,-0.31,3518.51,192.85,310620770.0,117773704.0,192847060.0,27570054.0,230814000000.0,0.2,3.57,0.31,0.19,3.57,1.58,1.57,0.03
Uganda,1997,51090.0,0.01,1732.25,1.06,15442413.0,14380467.0,1061946.0,21856044.0,6269333313.0,0.0,0.0,0.0,0.0,0.66,0.04,0.01,0.0
Turkey,2002,1310.0,-0.34,673.33,221.23,215980420.0,-5245236.0,221225650.0,67048793.0,238428000000.0,0.36,1.07,0.23,0.06,-0.64,0.52,0.79,0.13
Angola,2013,99679.24528301887,0.16,1077.34,25.71,129861944.0,104152200.0,25709742.0,26165616.0,136710000000.0,0.25,0.16,0.06,0.07,1.36,0.29,0.06,0.0
Lesotho,1997,19541.1320754717,-0.96,1186.13,1.77,2165643.8,395931.84,1769712.0,1988139.0,997996028.6,0.06,0.0,0.0,0.0,0.0,0.13,0.66,0.0
Bhutan,2000,190.0,-0.45,3279.92,0.4,12279479.0,11882608.0,396871.0,596870.0,439158233.2,0.07,0.0,0.12,0.0,-11.07,0.18,0.27,0.0
Finland,1992,10162.0,-0.08,781.3,54.27,59368040.0,5096038.0,54272000.0,5042147.0,112625000000.0,1.32,3.79,0.09,0.59,-5.13,2.25,2.52,0.39
Kenya,2004,159.06976744186045,-0.0,679.41,7.59,40381684.0,32791922.0,7589762.0,34713452.0,16095337094.0,0.03,0.03,0.02,0.05,0.44,0.08,0.05,0.01
Netherlands,2008,4136.0,0.07,900.17,175.7,182938850.0,7233579.0,175705260.0,16597257.0,936228000000.0,1.73,4.36,0.02,3.79,0.39,2.11,1.33,0.46
Liberia,2007,30260.0,0.08,2406.12,0.62,21593424.0,20968302.0,625121.0,3669051.0,1373000000.0,0.0,0.06,0.02,0.01,3.65,0.09,0.01,0.0
France,2012,9027.5,-0.08,1103.39,356.44,332681730.0,-23757742.0,356439460.0,64058465.0,2683830000000.0,1.19,1.04,0.12,0.38,-0.95,1.98,0.75,0.2
Cambodia,2009,61738.63636363637,-0.38,1964.47,4.58,36670450.0,32091070.0,4579380.0,14276819.0,10401851851.0,0.02,0.07,0.02,0.0,0.25,0.19,0.01,0.01
Equatorial Guinea,2009,8360.0,0.09,2943.76,4.9,5895135.5,993603.56,4901532.0,1135684.0,15027795173.0,0.11,0.95,0.0,0.08,3.37,0.43,0.98,0.0
Papua New Guinea,2009,28801.0,-0.05,4029.49,5.26,42118492.0,36853868.0,5264624.0,7406442.0,11619541940.0,0.02,0.28,0.0,0.03,3.36,0.15,0.19,0.05
Norway,1992,5236.0,-0.24,1257.81,34.39,36195772.0,1801772.0,34394000.0,4286256.0,130838000000.0,0.43,2.4,0.15,0.66,-2.59,2.43,1.06,0.41
Spain,2001,5328.0,0.02,646.39,311.81,284649820.0,-27159032.0,311808860.0,41245604.0,625976000000.0,0.59,2.51,0.36,0.72,-0.47,2.29,1.24,0.14
Senegal,2015,51000.0,-0.0,541.64,9.85,17069322.0,7223906.0,9845416.0,14593336.0,17767620059.0,0.02,0.19,0.12,0.09,0.31,0.19,0.11,0.0
Luxembourg,2000,28805.185185185186,0.38,1029.36,8.7,8901022.0,198588.8,8702433.0,436142.0,21263514833.0,3.69,0.53,1.12,2.2,-1.26,11.12,3.0,0.14
Mauritius,1990,10.0,-0.31,919.46,1.46,1454974.4,-6961.6,1461936.0,1089033.0,2653480001.0,0.11,0.4,0.0,0.37,-0.02,0.4,0.16,0.0
United States,1996,0.0,-1.0,874.55,5612.98,5692734500.0,79751620.0,5612983000.0,270860696.0,8100200000000.0,2.28,9.24,0.14,0.5,-1.51,5.82,1.79,0.17
Luxembourg,2010,54864.444444444445,-1.17,884.26,11.2,11304470.0,109810.08,11194660.0,507418.0,53212476812.0,3.23,2.54,0.73,2.54,-1.01,12.91,2.19,0.14
Cote d'Ivoire,2010,216.5625,0.46,1371.39,6.22,27706520.0,21481774.0,6224746.0,22488068.0,24884505035.0,0.03,0.13,0.0,0.01,1.15,0.07,0.04,0.01
Bosnia and Herzegovina,2012,2783638.0,0.53,1097.03,22.13,19216164.0,-2918009.8,22134174.0,3670108.0,17226849297.0,0.14,4.13,0.09,0.01,-0.99,0.87,0.49,0.27
Peru,1995,155280.0,0.01,2052.2,25.14,90085660.0,64942604.0,25143060.0,24348921.0,53312793687.0,0.13,0.18,0.07,0.05,2.45,0.36,0.22,0.07
Algeria,2008,4020.0,-0.1,77.3,111.09,115072340.0,3984929.8,111087410.0,34816962.0,171001000000.0,0.39,1.01,0.22,0.07,-0.07,0.84,0.29,0.0
Ethiopia,2004,92000.0,-0.21,967.61,5.16,172171730.0,167013180.0,5158551.0,76077212.0,10131187261.0,0.01,0.0,0.01,0.0,0.39,0.03,0.01,0.0
Paraguay,1990,255420.0,-0.69,1718.49,2.14,40129050.0,37993410.0,2135640.0,4035749.0,5812114523.0,0.03,0.01,0.03,0.01,10.41,0.4,0.04,0.0
Armenia,2006,429640.0,0.28,834.99,4.4,7483820.0,3082230.2,4401590.0,2990371.0,6384451606.0,0.25,0.3,0.11,0.04,0.04,0.22,0.48,0.13
Croatia,2010,90.0,-0.56,1412.28,20.99,12755878.0,-8230370.0,20986248.0,4301152.0,59844207749.0,0.65,1.4,0.28,0.07,-0.19,1.36,0.66,0.17
Cyprus,2011,24.444444444444446,-0.35,406.91,7.79,6129235.5,-1659645.5,7788881.0,1146492.0,27426994718.0,0.46,3.24,0.48,1.36,-0.28,1.89,0.5,0.1
Australia,1998,631080.0,0.28,538.8,334.14,535156860.0,201021010.0,334135840.0,18701707.0,398899000000.0,0.56,10.12,0.19,0.51,2.71,3.82,2.55,0.22
Cyprus,1997,8.88888888888889,-0.88,345.51,6.3,4699615.5,-1596624.6,6296240.0,897576.0,9547822121.0,0.25,2.71,0.87,1.2,-0.08,1.76,1.44,0.0
Sri Lanka,2000,58795.0,-0.46,1754.56,10.13,21114850.0,10980751.0,10134099.0,19293057.0,16330814180.0,0.02,0.17,0.02,0.04,0.23,0.27,0.04,0.05
Chile,2006,12446.0,0.25,1651.89,64.05,85946250.0,21894342.0,64051904.0,16509198.0,154788000000.0,0.25,1.26,0.08,0.31,-2.15,1.11,0.73,0.02
Moldova,1996,111146.66666666666,-1.77,731.89,11.69,9921738.0,-1765351.9,11687090.0,4387651.0,1695122174.0,0.33,1.37,0.04,0.01,-0.05,0.32,0.16,0.15
Slovenia,1998,368.2758620689655,-0.38,1342.1,16.04,15055217.0,-983820.7,16039038.0,1980071.0,22125435372.0,1.45,3.21,0.23,0.03,-4.74,1.91,0.91,0.12
United Kingdom,2005,350.0,0.23,969.36,570.34,614030600.0,43692212.0,570338370.0,60596108.0,2520700000000.0,1.65,4.01,0.1,0.7,0.21,2.1,0.91,0.11
Moldova,2011,812.0,-0.22,428.3,4.94,2896285.0,-2048689.0,4944974.0,3557278.0,7015206498.0,0.36,0.99,0.12,0.02,-0.11,0.52,0.29,0.06
Mauritius,1992,80.0,-0.73,976.01,1.71,1697531.2,-9892.8,1707424.0,1117677.0,3224267548.0,0.11,0.45,0.0,0.42,-0.02,0.45,0.18,0.0
Serbia,2009,3271.875,0.39,900.21,45.9,20895880.0,-24999216.0,45895096.0,7425346.0,42616653300.0,0.34,4.35,0.15,0.02,-4.79,0.88,0.56,0.04
Vanuatu,2006,5240.740740740742,-0.15,2205.36,0.07,1711894.1,1638614.1,73280.0,215939.0,439376794.1,0.05,0.19,0.0,0.14,0.0,0.09,0.0,0.0
Armenia,2009,488608.0,-0.18,1011.42,4.36,5965599.0,1602267.2,4363332.0,2945518.0,8647936748.0,0.38,0.22,0.08,0.03,0.04,0.39,0.33,0.14
Iceland,1991,0.0,0.06,1602.16,2.1,2369041.2,265603.34,2103438.0,257814.0,6807365898.0,0.16,0.0,0.19,0.89,2.75,2.48,1.86,2.72
Finland,1996,6126.0,-0.9,638.87,64.04,70190210.0,6150207.0,64040000.0,5124716.0,132099000000.0,1.16,6.2,0.07,0.41,-5.04,2.16,2.27,0.34
Sri Lanka,2012,118855.0,0.13,1713.12,15.8,33024948.0,17226846.0,15798102.0,21169461.0,68434409315.0,0.03,0.31,0.04,0.1,0.02,0.38,0.05,0.02
Cuba,2006,0.0,-0.1,993.32,26.78,24421978.0,-2363206.8,26785184.0,11278550.0,52742800000.0,0.07,1.16,0.1,0.06,-0.91,0.16,0.69,0.17
Uzbekistan,1999,4773.571428571428,0.28,252.07,123.59,123348370.0,-238196.62,123586570.0,24476012.0,17078465982.0,1.71,1.62,0.06,0.0,-0.03,0.55,0.67,0.08
Guinea,2006,35927.69230769231,0.05,1577.16,1.89,14914972.0,13024348.0,1890624.0,9441174.0,4220019228.0,0.01,0.03,0.0,0.01,1.15,0.07,0.1,0.0
Belgium,2002,2453.809523809524,0.4,1025.93,126.86,129252670.0,2389111.2,126863560.0,10332978.0,258860000000.0,2.55,2.85,0.29,2.46,-0.29,2.44,2.38,0.21
Ukraine,1999,6592.222222222219,0.46,659.97,298.58,315524400.0,16945524.0,298578880.0,49976444.0,31580639045.0,0.91,2.9,0.05,0.02,-0.79,0.56,1.62,0.08
Albania,2000,14800.0,-0.06,994.62,3.02,2937906.0,-87020.0,3024926.0,3166147.0,3480355258.0,0.08,0.12,0.03,0.04,0.06,0.46,0.15,0.16
Paraguay,1999,333468.0,-0.43,1291.16,4.38,55788180.0,51412256.0,4375923.0,5003139.0,8837070236.0,0.05,0.0,0.05,0.01,8.4,0.7,0.06,0.0
Turkey,1994,1884.0,0.08,703.93,167.57,174833460.0,7267800.5,167565650.0,60033831.0,130690000000.0,0.35,0.84,0.22,0.02,-0.28,0.52,0.51,0.12
Zambia,2004,97622.0,-0.39,1128.61,2.1,68008170.0,65904036.0,2104131.0,11338200.0,6221077675.0,0.01,0.01,0.01,0.01,1.6,0.08,0.06,0.0
Argentina,2010,242400.0,-0.2,701.84,185.95,422124800.0,236178860.0,185945940.0,41288694.0,423627000000.0,0.68,1.44,0.1,0.16,2.35,1.07,0.46,0.28
Panama,1990,18950.0,-0.36,3009.5,2.63,17748712.0,15116712.0,2631999.0,2455589.0,6433967000.0,0.09,0.22,0.05,2.04,2.37,0.52,0.21,0.0
Kuwait,2003,0.0,0.09,108.07,62.34,62347396.0,10955.36,62336440.0,2109887.0,47875838926.0,0.18,17.56,0.32,2.13,-0.01,3.36,3.99,0.0
Dominican Republic,1990,620.0,-0.22,1197.49,8.94,8618348.0,-317668.8,8936017.0,7151163.0,7073675545.0,0.13,0.46,0.06,0.02,-1.02,0.32,0.11,0.01
Lithuania,2012,140.0,-0.6,851.69,14.08,12526879.0,-1556980.1,14083859.0,2988334.0,42848195256.0,0.36,1.5,0.13,0.19,-0.34,1.43,0.49,0.08
Sri Lanka,1994,28765.0,-0.38,1843.75,5.44,22521684.0,17086478.0,5435205.0,17275777.0,11717604209.0,0.01,0.03,0.02,0.06,0.26,0.2,0.04,0.04
Belarus,1997,4800.0,-0.98,775.93,61.59,72595870.0,11007462.0,61588412.0,10122364.0,14128408566.0,0.69,3.75,0.08,0.0,-1.25,0.75,0.38,0.18
Costa Rica,2014,0.0,0.27,3259.27,7.75,12485202.0,4736892.5,7748309.0,4767126.0,50577769838.0,0.05,0.16,0.12,0.1,-1.54,1.04,0.22,0.04
Uganda,2012,51090.0,-0.07,1652.54,3.63,16482095.0,12855108.0,3626987.0,34337433.0,23114293416.0,0.01,0.01,0.01,0.01,0.42,0.06,0.02,0.0
Denmark,2014,548.0,1.25,853.62,37.56,38860570.0,1295736.9,37564830.0,5643793.0,352994000000.0,0.46,2.75,0.16,0.89,-0.13,2.03,0.61,0.29
Samoa,1993,310.3225806451613,-0.22,2642.81,0.1,-152056.0,-254648.0,102592.0,171787.0,133122897.2,0.0,0.12,0.0,0.12,0.64,0.41,0.12,0.0
Dominican Republic,2007,13018.0,0.12,1348.36,19.99,19287756.0,-705173.44,19992930.0,9455662.0,44169678153.0,0.15,0.96,0.17,0.14,-0.21,0.63,0.25,0.02
Serbia,1999,35090.625,-0.21,950.4,35.79,22249448.0,-13541301.0,35790748.0,7734364.0,18409364147.0,0.31,3.68,0.1,0.01,-0.38,0.33,0.68,0.17
Peru,2010,188500.0,0.38,1939.46,42.5,103052370.0,60547270.0,42505100.0,29086021.0,147529000000.0,0.08,0.49,0.11,0.06,2.23,0.58,0.26,0.01
Dominican Republic,2005,9370.0,0.06,1392.59,17.94,17882520.0,-58001.12,17940522.0,9225036.0,36119047252.0,0.13,0.93,0.12,0.14,-0.21,0.62,0.2,0.02
Sudan,1995,163900.0,-0.58,239.09,3.96,80203496.0,76241060.0,3962441.0,24672143.0,13829744879.0,0.01,0.04,0.01,0.01,0.87,0.11,0.02,0.0
Uruguay,2000,660.0,-0.25,1487.96,5.27,4647079.0,-620938.06,5268017.0,3266211.0,22823255802.0,0.19,0.22,0.09,0.32,-4.04,0.77,0.22,0.17
Belarus,1995,3200.0,-0.28,702.18,60.91,74037340.0,13131703.0,60905644.0,10197466.0,13972676841.0,0.8,3.6,0.05,0.0,-1.26,0.66,0.33,0.2
Algeria,1992,14740.0,-1.54,68.25,79.88,93283656.0,13400347.0,79883310.0,26628568.0,48003298223.0,0.29,0.9,0.11,0.08,0.02,0.63,0.24,0.0
Georgia,2011,0.0,-0.78,1331.26,7.8,-2623401.0,-10427927.0,7804526.0,3868723.0,14434619972.0,0.27,0.31,0.15,0.03,0.0,0.6,0.27,0.09
Hungary,2015,3140.0,0.83,613.87,46.57,38060030.0,-8506892.0,46566924.0,9839210.0,122879000000.0,1.0,1.39,0.07,0.05,0.13,1.21,0.59,0.14
Lesotho,1992,16720.37735849057,0.13,744.13,1.59,2346572.2,760060.2,1586512.0,1873281.0,831033941.1,0.05,0.0,0.0,0.0,0.0,0.13,0.62,0.0
Albania,1991,14800.0,-1.27,1166.14,4.29,5938952.5,1648726.6,4290226.0,3282607.0,1099559028.0,0.11,0.16,0.09,0.0,0.05,0.16,0.43,0.29
Kazakhstan,2006,259.5348837209302,0.38,328.64,220.58,172866670.0,-47708028.0,220574700.0,16103717.0,81003884545.0,0.08,7.37,0.03,0.03,-0.09,0.65,1.7,0.93
Finland,2004,1470.0,-0.05,747.87,68.95,84249690.0,15303686.0,68946000.0,5228144.0,196768000000.0,0.67,7.32,0.1,0.55,-1.73,2.41,1.96,0.49
Seychelles,1990,45.86206896551724,-0.06,1159.27,0.15,150224.0,0.0,150224.0,74000.0,368584758.9,0.14,1.22,0.0,4.59,0.0,0.68,0.0,0.0
Panama,1999,14252.0,-0.87,3857.78,5.62,47785130.0,42162896.0,5622234.0,2951819.0,12130252200.0,0.13,0.4,0.11,2.85,1.98,0.78,0.28,0.0
El Salvador,2014,4500.0,0.41,1359.89,6.15,5988986.5,-162168.64,6151155.0,6162953.0,22585841200.0,0.11,0.28,0.06,0.08,0.18,0.45,0.17,0.0
Georgia,2009,0.0,0.18,1322.99,6.14,-4716079.0,-10851705.0,6135626.0,3918936.0,10766809096.0,0.23,0.34,0.08,0.03,-0.9,0.55,0.16,0.06
Panama,2003,13367.0,-0.07,3317.02,6.09,19083318.0,12993314.0,6090004.0,3189813.0,13693981200.0,0.13,0.61,0.12,2.82,1.33,0.78,0.07,0.03
Azerbaijan,2015,86360.0,0.58,622.15,34.68,40177744.0,5494791.0,34682950.0,9752859.0,53074370486.0,0.61,1.47,0.09,0.1,-0.29,0.7,0.24,0.11
Estonia,1999,6424.166666666667,0.22,671.21,15.93,12860644.0,-3068819.8,15929464.0,1403579.0,5726897998.0,0.34,8.66,0.26,0.3,0.61,1.18,0.63,0.06
Serbia,2011,80.0,-0.24,516.22,48.96,23482974.0,-25474106.0,48957080.0,7364857.0,46466728667.0,0.51,4.7,0.14,0.02,-0.39,0.81,0.76,0.03
Cambodia,1996,8231.818181818182,-0.56,1910.32,1.52,32899202.0,31382306.0,1516896.0,10801268.0,3506695720.0,0.01,0.02,0.0,0.0,0.39,0.11,0.0,0.0
Honduras,1996,23006.0,-0.65,1884.74,3.88,20863952.0,16988430.0,3875521.0,5903962.0,5215028988.0,0.06,0.12,0.06,0.01,0.94,0.25,0.16,0.0
Fiji,2002,53568.14814814815,0.19,2204.65,0.84,463935.7,-371456.3,835392.0,858057.0,1842691481.0,0.06,0.27,0.0,0.49,-3.0,0.51,0.15,0.03
South Sudan,2014,4625.8536585365855,0.17,924.1,1.5,23189566.0,21690990.0,1498576.0,11235071.0,15099661017.0,0.0,0.04,0.0,0.01,0.83,0.08,0.0,0.0
Zimbabwe,1998,46070.0,0.1,782.94,14.13,62042336.0,47914860.0,14127475.0,11594299.0,6401968200.0,0.05,0.53,0.04,0.03,0.9,0.18,0.21,0.2
Hungary,2008,1526.0,0.59,627.12,57.18,51348244.0,-5836165.5,57184410.0,10016655.0,157998000000.0,1.21,2.0,0.13,0.08,0.22,1.29,0.56,0.12
Moldova,1998,56473.33333333333,-0.67,633.82,6.44,4291861.0,-2151977.0,6443838.0,4318714.0,1698717505.0,0.3,1.15,0.05,0.01,-0.05,0.25,0.14,0.12
Honduras,2013,23674.0,0.23,1686.99,9.36,19147960.0,9783063.0,9364898.0,8889277.0,18499710128.0,0.03,0.36,0.08,0.02,0.66,0.36,0.26,0.0
Namibia,2007,101820.0,0.17,189.12,2.33,4596928.0,2270287.8,2326640.0,2018607.0,8740865600.0,0.01,0.08,0.0,0.04,5.23,0.69,0.1,0.37
Guinea-Bissau,2003,20442.500000000004,0.01,1449.97,0.19,2908080.2,2713888.2,194192.0,1318809.0,476388260.6,0.02,0.02,0.0,0.02,1.13,0.05,0.0,0.07
Chile,1998,13390.0,0.51,1318.3,57.26,67979520.0,10721047.0,57258476.0,15127801.0,81577430181.0,0.24,1.23,0.07,0.15,-1.11,1.09,0.71,0.04
Romania,1997,130.9090909090909,-1.3,913.48,118.17,115320870.0,-2852643.8,118173510.0,22411509.0,35838588170.0,0.33,2.83,0.13,0.02,0.03,0.52,1.13,0.12
Albania,2002,14800.0,-0.04,1286.11,3.75,3490326.5,-257945.6,3748272.0,3134094.0,4348068242.0,0.2,0.12,0.0,0.04,-0.36,0.56,0.14,0.18
Italy,2007,3494.0425531914893,0.29,846.33,489.65,463473400.0,-26179756.0,489653150.0,59108723.0,2203050000000.0,1.16,3.04,0.3,0.3,-0.59,2.11,1.02,0.14
Qatar,2009,0.0,0.33,68.94,65.07,65107230.0,33562.24,65073668.0,1586052.0,97798351648.0,0.16,19.05,0.93,2.06,0.0,5.33,5.9,0.0
Madagascar,2014,44192.30769230769,0.18,1412.7,3.1,31731132.0,28635552.0,3095580.0,24764357.0,10673516673.0,0.0,0.05,0.0,0.01,0.37,0.05,0.02,0.0
Nicaragua,2015,105030.0,0.51,1635.29,5.43,16923200.0,11492246.0,5430953.0,6149418.0,12611087031.0,0.09,0.27,0.05,0.01,1.78,0.35,0.09,0.01
Italy,2015,1356.6666666666665,0.64,954.58,361.25,318134880.0,-43119452.0,361254340.0,60575314.0,1832870000000.0,1.05,2.0,0.14,0.26,-0.57,1.7,0.58,0.12
Oman,2011,11270.188679245282,0.06,80.43,57.01,57048400.0,37409.44,57010990.0,3076761.0,67937581274.0,2.33,6.62,0.58,1.01,0.0,3.11,3.1,0.72
Liberia,2001,30260.0,-0.29,2207.66,0.42,18765998.0,18348580.0,417418.0,3015343.0,906000000.0,0.0,0.06,0.01,0.01,4.44,0.06,0.0,0.01
Sudan,1998,178915.0,-0.11,262.61,4.37,15688557.0,11316264.0,4372293.0,26458999.0,11250327988.0,0.01,0.04,0.0,0.0,0.81,0.11,0.02,0.0
Ghana,1991,8894.33962264151,-0.62,1307.06,3.9,20933708.0,17031848.0,3901860.0,15787495.0,6596546196.0,0.02,0.0,0.0,0.01,0.62,0.1,0.02,0.01
Belize,2011,11600.0,0.22,1602.12,0.55,5264948.5,4711684.5,553264.0,327307.0,1486595750.0,0.12,0.06,0.0,0.12,16.62,1.41,0.15,0.0
Denmark,1996,120.0,-1.86,561.8,74.89,72654380.0,-2232145.5,74886530.0,5263072.0,187632000000.0,1.24,8.58,0.25,1.27,0.3,2.23,1.12,0.46
Cameroon,2001,70330.0,-0.42,1679.98,5.56,33558280.0,27995854.0,5562424.0,15309490.0,10371327756.0,0.04,0.0,0.03,0.02,2.67,0.12,0.01,0.0
Thailand,2002,33280.0,0.09,1749.25,184.66,272496640.0,87831176.0,184665470.0,64266431.0,134301000000.0,0.07,1.08,0.31,0.17,-0.52,0.76,0.59,0.15
Jamaica,1999,701.0,-0.58,1204.84,9.96,26393316.0,16435128.0,9958188.0,2589797.0,8851581633.0,0.14,2.13,0.09,0.23,0.16,0.75,0.75,0.01
Bolivia,2011,201060.0,0.25,1491.42,15.95,86529770.0,70581096.0,15948673.0,10348932.0,23963162984.0,0.13,0.39,0.1,0.02,5.78,0.65,0.19,0.06
Jordan,2009,347.4418604651163,0.03,44.05,21.34,21997274.0,660582.56,21336692.0,7141763.0,23820230000.0,0.3,1.25,0.19,0.16,0.0,0.72,0.37,0.06
Morocco,2013,3488.0,0.01,257.93,56.61,53401300.0,-3205120.5,56606420.0,33787573.0,106826000000.0,0.18,0.57,0.18,0.06,-0.04,0.45,0.26,0.07
Nigeria,2009,163310.0,0.44,1036.39,80.35,123730560.0,43384652.0,80345900.0,162049465.0,291880000000.0,0.01,0.09,0.02,0.02,0.28,0.15,0.03,0.01
Costa Rica,1997,4792.0,-0.14,2667.11,4.92,5658618.5,742436.3,4916182.0,3701712.0,12552071488.0,0.05,0.08,0.11,0.16,0.65,0.72,0.19,0.06
Jordan,2004,368.3720930232558,-0.22,65.19,18.67,18985248.0,314554.4,18670694.0,5882067.0,11411390409.0,0.46,1.21,0.24,0.13,0.0,0.75,0.44,0.07
Malaysia,2014,104037.03703703704,0.08,2850.72,245.05,545231170.0,300181470.0,245049710.0,30696133.0,338062000000.0,0.14,3.89,0.31,0.28,-3.5,2.12,0.93,0.1
Namibia,2013,34020.0,0.41,235.02,3.59,6814634.0,3224649.8,3589984.0,2252506.0,12717790505.0,0.0,0.04,0.12,0.05,4.69,0.83,0.12,0.56
Trinidad and Tobago,2004,4604.444444444444,-0.0,1687.56,32.71,31701324.0,-1010018.25,32711342.0,1345386.0,13280275123.0,0.33,7.8,0.24,2.38,0.1,1.52,1.96,0.0
Sudan,2004,208945.0,0.07,180.24,10.87,73347020.0,62481164.0,10865860.0,30556639.0,21457470203.0,0.01,0.08,0.0,0.01,0.71,0.13,0.02,0.03
Bangladesh,1999,3630.0,0.16,2145.74,25.09,30216496.0,5123188.0,25093308.0,132108064.0,51270569884.0,0.03,0.07,0.0,0.0,0.14,0.02,0.02,0.01
Bosnia and Herzegovina,2009,2382412.0,0.39,1360.93,20.54,16611338.0,-3925756.0,20537094.0,3879798.0,17613836210.0,0.11,3.63,0.1,0.01,0.11,0.9,0.35,0.22
Lesotho,2006,24618.490566037737,-0.67,1299.94,2.04,5516152.0,3478968.0,2037184.0,1945066.0,1800105590.0,0.06,0.0,0.0,0.0,0.0,0.16,0.78,0.0
Norway,2014,5852.0,1.21,1174.22,44.96,49210880.0,4252878.0,44958000.0,5137397.0,499339000000.0,0.24,2.9,0.14,0.51,-2.88,2.97,1.24,0.23
Oman,1992,6563.207547169812,-1.05,102.81,11.89,11912627.0,19968.8,11892658.0,1938241.0,12452275683.0,0.06,3.12,0.21,0.3,0.0,1.01,2.4,0.3
Mozambique,2010,267030.0,0.34,868.98,2.64,55675860.0,53041310.0,2634548.0,22999235.0,10154238250.0,0.01,0.0,0.01,0.01,2.13,0.07,0.02,0.0
France,2003,6299.375,0.46,927.71,411.96,389806080.0,-22158772.0,411964860.0,60741121.0,1840480000000.0,1.47,1.24,0.14,0.38,-1.08,2.19,0.93,0.24
Sweden,2008,34684.0,0.47,805.52,50.87,52303720.0,1437314.0,50866404.0,9219903.0,513966000000.0,0.29,1.11,0.15,0.96,-0.79,2.26,1.02,0.17
Latvia,2011,320.0,0.4,704.54,7.81,7353693.5,-457340.5,7811034.0,2059940.0,28223552825.0,0.45,1.06,0.27,0.5,0.12,1.37,0.5,0.18
Sudan,1991,143880.0,-0.24,236.06,4.48,5007281.0,527322.9,4479958.0,22470678.0,11379222222.0,0.01,0.03,0.0,0.01,0.95,0.14,0.04,0.0
Finland,2011,843.125,0.83,754.56,56.65,71259950.0,14612948.0,56647000.0,5388236.0,273674000000.0,0.46,5.46,0.1,0.47,-8.98,2.28,1.56,0.37
Algeria,2006,6640.0,0.1,82.48,105.9,110134690.0,4238515.5,105896180.0,33623505.0,117027000000.0,0.36,1.02,0.19,0.07,-0.07,0.76,0.26,0.0
Guinea,1994,44006.92307692308,-0.48,1912.72,1.12,4907158.5,3782310.5,1124848.0,7345105.0,3383218923.0,0.01,0.05,0.0,0.01,1.43,0.04,0.05,0.0
Peru,1991,159280.0,-0.29,2138.43,20.76,75700456.0,54942560.0,20757894.0,22483787.0,34672122381.0,0.14,0.16,0.05,0.03,2.66,0.28,0.2,0.04
Jamaica,2015,540.0,0.56,784.55,8.0,8419865.0,420956.97,7998908.0,2802535.0,14145469269.0,0.11,0.93,0.15,0.53,0.08,0.59,0.75,0.01
Uganda,2013,51090.0,-0.09,1544.75,3.76,14306081.0,10551551.0,3754530.0,35337050.0,24599550624.0,0.01,0.0,0.01,0.01,0.41,0.06,0.02,0.0
Seychelles,2010,163.10344827586206,0.11,1599.42,0.44,443344.0,0.0,443344.0,94993.0,969936525.3,0.21,2.53,0.0,6.11,0.0,1.05,0.11,0.84
Lesotho,1999,20669.433962264153,0.28,988.76,1.82,2396475.8,571803.8,1824672.0,2003238.0,912771290.6,0.05,0.0,0.0,0.0,0.0,0.13,0.67,0.0
Colombia,2010,143170.0,0.42,3613.92,76.27,64726732.0,-11539732.0,76266460.0,44777325.0,286104000000.0,0.11,0.39,0.09,0.1,1.8,0.46,0.27,0.06
Ecuador,2009,97025.0,0.29,2993.63,33.6,38737908.0,5139309.5,33598600.0,14825961.0,62519686000.0,0.2,0.58,0.14,0.18,1.93,0.71,0.18,0.29
Gabon,1994,12040.0,-0.47,2221.9,4.54,16253304.0,11711573.0,4541731.0,1094724.0,4190819314.0,0.16,0.24,0.05,0.63,3.13,0.28,0.37,0.02
Benin,2001,6200.0,-0.11,954.74,1.69,37737404.0,36048300.0,1689104.0,7445599.0,2680213931.0,0.07,0.01,0.0,0.01,1.44,0.13,0.02,0.0
Armenia,1993,174112.0,-1.88,880.93,2.51,3174420.2,664173.3,2510247.0,3453338.0,1201313201.0,0.17,0.23,0.02,0.06,0.04,0.34,0.58,0.1
Costa Rica,2004,1590.0,0.05,3671.48,6.84,6813099.0,-28579.2,6841678.0,4200080.0,18529767918.0,0.06,0.03,0.15,0.15,-0.12,0.92,0.22,0.04
Solomon Islands,1999,2925.121951219512,-0.28,3646.36,0.22,1773229.4,1557053.4,216176.0,430512.0,482214092.3,0.0,0.12,0.0,0.07,9.08,0.35,0.05,0.02
United Arab Emirates,2003,137.83783783783784,0.18,31.05,106.44,106509440.0,66318.41,106443120.0,4192465.0,124346000000.0,0.03,10.01,0.69,9.51,0.0,4.98,8.57,0.0
Kiribati,1993,96.27906976744183,0.26,670.86,0.03,29312.0,0.0,29312.0,78854.0,46919624.64,0.0,0.13,0.0,0.0,0.0,0.25,0.0,0.0
Uzbekistan,2000,5000.0,0.22,181.61,123.48,123256856.0,-220462.88,123477320.0,24787051.0,13760513969.0,1.76,1.75,0.06,0.0,-0.03,0.54,0.68,0.1
Lebanon,2003,8258.11320754717,-0.07,813.05,18.53,18278008.0,-251020.66,18529028.0,4525512.0,20082918740.0,0.22,1.9,0.51,0.09,0.0,0.88,0.34,0.0
Austria,1996,6054.0,-1.74,1309.53,67.4,65029980.0,-2375261.2,67405240.0,7960918.0,237251000000.0,1.75,2.68,0.2,0.19,-1.67,2.15,1.23,0.13
Seychelles,1994,69.3103448275862,-0.13,1526.95,0.2,201520.0,0.0,201520.0,77278.0,486451204.6,0.13,1.42,0.0,4.4,0.0,0.91,0.0,0.26
Tajikistan,2004,208643.19999999998,0.08,804.61,2.56,1855648.2,-704843.7,2560492.0,6790554.0,2076148796.0,0.0,0.09,0.01,0.0,-0.05,0.02,0.0,0.26
Lebanon,1997,4873.207547169812,-0.99,622.79,15.1,15303730.0,205037.44,15098693.0,4108409.0,15751867489.0,0.92,1.45,0.21,0.09,0.0,1.01,0.33,0.0
United States,1990,0.0,-0.12,872.5,5120.96,5407962000.0,287004930.0,5120957000.0,253373385.0,5979590000000.0,2.15,8.52,0.13,0.52,-1.61,5.63,2.39,0.26
Belize,2001,7282.0,-0.52,1451.62,0.45,5974958.0,5527950.0,447008.0,248394.0,871860600.0,0.2,0.16,0.0,0.2,12.88,1.01,0.56,0.0
Dominican Republic,2010,18490.0,0.26,1337.3,20.55,21526576.0,973121.8,20553454.0,9820181.0,53982886258.0,0.14,0.91,0.16,0.13,-0.2,0.58,0.29,0.02
South Sudan,2012,4446.829268292683,-0.12,1001.34,1.33,29236376.0,27906344.0,1330032.0,10756244.0,11266779661.0,0.0,0.04,0.0,0.01,0.87,0.09,0.0,0.01
Bolivia,2012,211430.0,0.23,1602.14,17.54,81623820.0,64088490.0,17535340.0,10515813.0,27084497540.0,0.14,0.4,0.1,0.01,5.68,0.7,0.2,0.06
Brazil,1991,4342250.0,-0.45,1791.47,229.39,1692107900.0,1462713900.0,229394000.0,151724253.0,602860000000.0,0.11,0.19,0.08,0.03,6.85,0.57,0.33,0.07
Turkmenistan,1996,11154.0,-1.02,155.41,31.65,33650644.0,1996440.2,31654202.0,4263817.0,2378759975.0,2.01,2.25,0.04,0.16,0.0,1.05,0.13,1.48
Lesotho,2001,21797.735849056604,-0.51,1222.02,1.88,1736479.5,-139488.48,1875968.0,2000859.0,825706961.2,0.05,0.0,0.0,0.0,0.0,0.13,0.69,0.0
Mexico,2003,360878.0,0.0,781.96,435.97,528326140.0,92357420.0,435968700.0,102978518.0,729336000000.0,0.24,1.81,0.14,0.1,-0.65,1.13,0.51,0.07
Zimbabwe,1990,46070.0,-0.04,645.43,15.54,29984240.0,14447226.0,15537013.0,10137286.0,8783816700.0,0.1,0.69,0.03,0.02,1.03,0.21,0.47,0.14
United States,1997,0.0,-0.7,842.75,5688.14,5785296000.0,97153710.0,5688142300.0,273468014.0,8608520000000.0,2.19,10.03,0.14,0.46,-1.5,5.86,1.85,0.17
Burundi,2007,0.0,-0.1,1837.2,0.19,2415895.0,2229031.0,186864.0,8161879.0,1356199365.0,0.0,0.0,0.0,0.0,0.38,0.02,0.0,0.0
Rwanda,1993,58.70967741935484,-0.21,1369.43,0.48,725538.44,242593.45,482945.0,7981141.0,1971525999.0,0.0,0.0,0.0,0.01,0.31,0.04,0.01,0.0
Belgium,1997,2856.190476190476,-0.17,802.54,123.99,126541170.0,2548495.2,123992670.0,10181465.0,254814000000.0,2.87,3.08,0.31,1.94,-0.38,2.28,2.56,0.35
Turkey,2007,1135.0,0.09,644.43,313.69,276245400.0,-37447948.0,313693340.0,70750595.0,675770000000.0,0.54,1.51,0.32,0.09,-0.61,0.67,0.89,0.15
Nepal,1991,295.0,-0.39,1775.58,1.03,18236742.0,17210430.0,1026311.06,20036505.0,3921476085.0,0.02,0.0,0.0,0.0,-0.1,0.02,0.01,0.01
Belarus,1994,2400.0,-0.6,752.89,67.88,87555224.0,19675826.0,67879400.0,10230192.0,14932024169.0,0.84,4.13,0.06,0.0,-1.29,0.66,0.41,0.22
Ukraine,1997,17716.666666666664,-1.51,804.86,340.51,337756100.0,-2758259.2,340514370.0,50786882.0,50150399792.0,0.95,3.02,0.05,0.02,-0.77,0.71,1.64,0.1
Algeria,2015,5400.0,0.18,70.86,160.09,162202060.0,2114604.5,160087460.0,40019528.0,165979000000.0,0.53,1.24,0.2,0.06,-0.02,1.16,0.27,0.06
Iceland,2003,0.0,0.92,1499.68,2.99,3163585.0,177704.0,2985881.0,289615.0,11316441660.0,0.07,0.0,0.1,1.8,2.31,2.21,2.66,2.59
Libya,1999,20847.5,0.12,22.65,50.26,50002156.0,-257762.39,50259920.0,5218040.0,35976714101.0,0.46,3.59,0.23,0.36,0.0,2.1,0.58,0.0
Dominican Republic,2003,5722.0,-0.02,1099.86,21.34,20664896.0,-680111.7,21345008.0,8980626.0,21642882856.0,0.1,1.01,0.13,0.13,-0.22,0.59,0.23,0.02
Iraq,2009,0.0,-0.02,156.56,104.82,106919590.0,2104198.5,104815390.0,30058207.0,111661000000.0,0.35,1.13,0.08,0.1,-0.0,0.84,0.24,0.0
Lesotho,2004,23490.188679245286,0.0,1113.03,1.98,2495074.0,512850.1,1982224.0,1971132.0,1511236656.0,0.07,0.0,0.0,0.0,0.0,0.14,0.74,0.0
El Salvador,2012,4500.0,0.07,1251.99,6.47,5754727.0,-717154.75,6471882.0,6113976.0,21386153000.0,0.1,0.26,0.09,0.04,0.18,0.45,0.21,0.0
Papua New Guinea,2007,24603.0,0.05,4078.74,6.58,52702972.0,46121880.0,6581091.0,6963352.0,9545071325.0,0.02,0.27,0.0,0.03,3.67,0.14,0.2,0.05
Dominican Republic,2001,2074.0,-0.14,949.15,19.14,24366640.0,5222043.0,19144596.0,8720288.0,25599311449.0,0.13,1.14,0.13,0.12,-0.22,0.61,0.15,0.02
Qatar,1995,0.0,-0.94,180.49,33.14,33176208.0,39058.24,33137150.0,514336.0,8137911978.0,0.25,21.46,0.37,0.84,0.0,3.83,7.17,0.0
Guinea-Bissau,2008,17076.153846153848,-0.02,1408.12,0.23,1190397.0,963229.0,227168.0,1488060.0,864654795.3,0.01,0.02,0.0,0.02,1.0,0.05,0.0,0.06
Armenia,2015,606544.0,0.78,931.44,5.47,6077986.5,608663.6,5469323.0,2921179.0,10553337673.0,0.39,0.44,0.08,0.03,-0.03,0.57,0.14,0.21
Ukraine,1995,28841.11111111111,-0.43,727.32,390.07,395484060.0,5411947.5,390072130.0,51665535.0,48213868178.0,1.04,3.95,0.07,0.01,-0.76,0.64,1.9,0.13
Benin,2014,826.6666666666672,0.14,1125.85,4.8,22198094.0,17402094.0,4796000.0,11030008.0,9707432016.0,0.02,0.02,0.02,0.01,0.97,0.37,0.04,0.0
Croatia,2008,138.0,0.5,1070.64,23.52,15011723.0,-8508431.0,23520154.0,4314634.0,70474602564.0,0.61,1.6,0.36,0.09,-0.19,1.43,0.86,0.17
Ethiopia,1995,80244.5945945946,-0.08,1006.0,2.51,-21645376.0,-24151328.0,2505953.0,57537340.0,7663984568.0,0.01,0.0,0.0,0.0,0.44,0.02,0.01,0.0
Cameroon,1991,88665.0,-0.34,1825.82,2.67,18417594.0,15749154.0,2668440.0,11667184.0,12434370005.0,0.06,0.0,0.02,0.02,4.49,0.13,0.01,0.0
Uruguay,2008,1596.0,0.26,824.01,8.2,38975052.0,30773422.0,8201628.5,3302183.0,30366213119.0,0.15,0.93,0.08,0.49,-3.0,0.83,0.21,0.16
Lebanon,2007,10514.716981132076,-0.13,574.33,13.75,13245291.0,-500795.53,13746087.0,4844118.0,24873482492.0,0.24,1.66,0.47,0.09,0.0,0.63,0.11,0.0
India,1991,408550.0,-0.29,1134.92,615.36,751029500.0,135664510.0,615365000.0,883927607.0,266502000000.0,0.07,0.29,0.03,0.01,-0.25,0.08,0.17,0.04
Croatia,1999,319.6875,-0.25,1199.75,20.08,7698313.0,-12383111.0,20081424.0,4385822.0,23386945603.0,0.61,1.54,0.26,0.07,-0.2,0.96,0.66,0.19
Sudan,2015,264000.0,0.45,137.39,14.25,66939400.0,52692900.0,14246501.0,40024436.0,97156119150.0,0.03,0.1,0.04,0.01,0.54,0.24,0.04,0.01
Angola,2001,52539.622641509435,-0.36,1164.27,15.91,53123196.0,37214736.0,15908461.0,16747204.0,8936063723.0,0.07,0.06,0.01,0.09,2.12,0.07,0.1,0.0
Colombia,2001,207214.0,-0.37,3269.23,56.85,27081286.0,-29766886.0,56848172.0,39709264.0,98203546156.0,0.11,0.35,0.08,0.08,2.02,0.49,0.4,0.04
Bahrain,2004,6.0,0.19,52.12,21.2,21203678.0,109.92,21203568.0,871449.0,13150166755.0,0.25,17.57,0.0,1.86,0.0,2.43,0.16,0.0
Uzbekistan,2008,1832.0,-0.22,178.88,128.39,125215660.0,-3172621.0,128388290.0,27494779.0,29549438884.0,1.62,1.63,0.1,0.0,-0.42,0.46,0.62,0.08
Nepal,2009,187.0,0.55,1839.89,4.13,20368528.0,16239177.0,4129352.0,27173035.0,12854985464.0,0.02,0.0,0.02,0.01,-0.17,0.06,0.03,0.01
Antigua and Barbuda,1999,146818.8679245283,-0.11,1160.95,0.34,260034.08,-84381.92,344416.0,73681.0,766198910.0,0.95,1.63,0.0,3.39,0.0,2.31,0.0,0.0
Croatia,1996,288.75,-1.57,1176.75,17.34,14826805.0,-2509107.2,17335912.0,4562291.0,23678012697.0,0.52,1.21,0.15,0.08,-0.19,0.79,0.6,0.17
Honduras,1995,23055.0,0.01,1821.31,3.84,31528820.0,27692586.0,3836235.0,5739636.0,5347445008.0,0.06,0.16,0.05,0.01,0.96,0.27,0.13,0.0
Portugal,1991,4468.0952380952385,-0.23,630.68,47.13,46401824.0,-729062.75,47130890.0,9969182.0,89242382961.0,0.22,1.71,0.33,0.34,0.14,1.04,0.83,0.15
Romania,2006,138.0,-0.47,826.71,104.32,85701380.0,-18620778.0,104322150.0,21035734.0,123533000000.0,0.55,2.4,0.17,0.02,-0.13,0.6,0.94,0.05
Colombia,1997,218770.0,-0.11,3066.85,65.26,189056060.0,123799860.0,65256204.0,37121156.0,106660000000.0,0.12,0.39,0.1,0.08,2.49,0.59,0.45,0.04
Honduras,1998,22908.0,0.35,1955.11,4.81,34026370.0,29215784.0,4810582.0,6234437.0,6366340268.0,0.06,0.21,0.06,0.01,0.89,0.29,0.13,0.0
Ethiopia,1999,89648.91891891892,-0.22,919.52,3.09,-9843015.0,-12937291.0,3094276.0,65374562.0,7700833482.0,0.01,0.0,0.0,0.0,0.39,0.02,0.01,0.0
Austria,2006,6596.0,-0.16,1150.15,76.81,75648664.0,-1162990.2,76811656.0,8269902.0,335999000000.0,1.46,2.97,0.24,0.25,-0.72,2.83,1.36,0.1
Togo,2014,4960.0,0.12,1371.54,1.54,5450580.0,3908681.8,1541898.0,7472458.0,4568900620.0,0.03,0.03,0.06,0.03,0.13,0.05,0.04,0.0
Kuwait,1994,0.0,-0.42,120.02,57.2,57194868.0,-1758.72,57196628.0,1664372.0,24848483838.0,0.17,12.56,0.25,1.65,-0.01,3.03,3.71,0.0
Pakistan,2005,16224.905660377359,-0.49,434.89,133.65,133081416.0,-563193.44,133644610.0,175453212.0,109502000000.0,0.07,0.21,0.04,0.02,0.04,0.16,0.21,0.0
United Arab Emirates,2013,164.86486486486487,-0.26,66.71,213.34,213203340.0,-131794.08,213335140.0,7831852.0,390108000000.0,0.11,8.26,0.7,7.71,0.0,4.43,9.69,0.0
Jamaica,1997,743.0,-0.24,838.99,10.07,12455613.0,2387425.8,10068187.0,2547852.0,8375077443.0,0.13,2.06,0.09,0.23,0.15,0.67,0.66,0.01
Iceland,2012,0.0,0.32,1425.11,3.5,3906058.0,407510.1,3498548.0,320847.0,14292008745.0,0.03,0.0,0.0,1.93,1.9,2.49,1.53,1.71
Algeria,1990,14800.0,-0.26,82.73,76.74,88921860.0,12184229.0,76737624.0,25375816.0,62045099643.0,0.26,0.91,0.12,0.1,0.02,0.62,0.22,0.0
Iraq,2004,0.0,-0.15,208.45,112.8,116799640.0,3996581.2,112803060.0,27577878.0,36627901762.0,0.28,1.23,0.03,0.08,-0.0,0.88,0.27,0.0
El Salvador,2009,4500.0,0.22,1269.67,6.31,5566358.5,-746100.3,6312459.0,6048284.0,17601616000.0,0.09,0.3,0.08,0.06,0.18,0.51,0.13,0.0
Australia,1992,627420.0,-0.5,443.11,284.53,306821860.0,22292876.0,284529000.0,17549282.0,324878000000.0,0.51,8.41,0.17,0.39,2.89,3.54,2.44,0.2
Belarus,2010,4100.0,-0.29,793.6,62.44,66325224.0,3880102.8,62445120.0,9490752.0,58665088956.0,0.55,3.93,0.21,0.0,-0.51,1.08,0.49,0.22
Indonesia,2012,713800.0,0.05,3340.68,515.95,1475463000.0,959508860.0,515954180.0,252698526.0,917870000000.0,0.09,0.67,0.09,0.02,2.96,0.51,0.47,0.05
India,2007,656730.0,0.05,1294.94,1392.51,1484245800.0,91739816.0,1392506000.0,1190676028.0,1201110000000.0,0.07,0.59,0.06,0.01,0.0,0.12,0.25,0.03
Armenia,1994,193768.0,-0.72,927.37,2.68,4047746.5,1363044.6,2684702.0,3364620.0,1315158670.0,0.23,0.24,0.01,0.04,0.04,0.05,0.19,0.08
Thailand,2014,48960.0,0.03,1487.99,272.49,340794880.0,68307220.0,272487650.0,70216362.0,407339000000.0,0.1,1.62,0.28,0.21,0.01,0.83,0.72,0.17
Bangladesh,2009,16691.0,0.59,2037.7,49.19,54834710.0,5646334.0,49188376.0,150873716.0,102478000000.0,0.04,0.14,0.0,0.01,0.12,0.04,0.05,0.02
Bulgaria,1997,0.0,-1.27,842.34,55.89,48399750.0,-7491561.0,55891310.0,8217101.0,11195612105.0,0.31,3.6,0.19,0.06,-2.66,0.52,1.72,0.11
Comoros,2002,108018.14814814815,0.0,1522.21,0.11,303855.5,197599.52,106256.0,558928.0,423962976.7,0.02,0.05,0.0,0.0,0.11,0.13,0.0,0.0
Equatorial Guinea,2001,8360.0,-0.48,2706.4,3.1,5416521.0,2321840.2,3094681.0,749835.0,1461139022.0,0.07,0.08,0.0,0.05,5.11,0.28,0.12,0.0
Oman,1991,6315.471698113208,-0.34,20.17,11.6,11759816.0,164989.92,11594826.0,1851477.0,11341482445.0,0.07,3.18,0.22,0.48,0.0,0.97,3.12,0.28
Vietnam,2011,21006.0,-0.74,2080.61,152.56,258722500.0,106162230.0,152560270.0,88468314.0,135539000000.0,0.12,0.46,0.32,0.02,-0.27,0.34,0.49,0.02
Fiji,2009,32874.07407407408,-0.43,2591.26,0.7,-5276.19,-705100.2,699824.0,907247.0,2870624636.0,0.06,0.24,0.0,0.36,-2.83,0.33,0.17,0.01
United States,2014,165.0,-0.14,796.81,5528.68,5584692700.0,56011972.0,5528681000.0,323115378.0,17427600000000.0,1.69,7.35,0.12,0.37,-1.27,5.08,1.35,0.15
Iceland,2009,0.0,0.29,1430.39,3.73,3916211.0,184409.12,3731802.0,318619.0,12944114736.0,0.03,0.0,0.09,1.57,2.1,2.79,1.6,2.07
Brazil,2013,1764540.0,0.06,1873.08,532.42,1744983000.0,1212565000.0,532418020.0,198478291.0,2472810000000.0,0.1,0.55,0.13,0.09,1.32,1.06,0.51,0.09
New Zealand,2008,10494.0,0.12,1486.23,37.51,57556784.0,20050434.0,37506350.0,4261819.0,133280000000.0,0.3,2.6,0.15,0.81,-5.05,3.26,1.3,0.38
Chile,2011,10896.0,-0.12,1464.06,78.07,106871600.0,28800140.0,78071464.0,17351811.0,252252000000.0,0.34,1.87,0.06,0.17,-4.65,1.26,0.81,0.07
Qatar,2008,0.0,0.16,38.23,61.64,61668860.0,31913.44,61636948.0,1426942.0,115270000000.0,0.17,19.68,0.95,1.91,0.0,5.89,7.31,0.0
Uzbekistan,2007,2228.0,0.46,225.4,123.82,120842150.0,-2978612.2,123820770.0,27076013.0,22311393928.0,1.58,1.56,0.09,0.0,-0.43,0.48,0.6,0.07
Croatia,2012,74.0,0.46,970.87,19.06,28657958.0,9601658.0,19056300.0,4259234.0,56548374546.0,0.53,1.31,0.24,0.08,-0.35,1.3,0.54,0.16
Nepal,1992,470.0,-0.47,1580.16,1.23,18046988.0,16814060.0,1232929.0,20609707.0,3401211581.0,0.02,0.0,0.0,0.0,-0.1,0.02,0.01,0.01
Libya,2000,19906.25,-0.76,23.4,53.24,52871150.0,-367389.28,53238540.0,5305020.0,38270206950.0,0.45,3.65,0.23,0.42,0.0,2.1,0.6,0.0
Nigeria,2002,163310.0,-0.2,1052.49,90.48,204888200.0,114408990.0,90479200.0,133471994.0,95385819321.0,0.04,0.11,0.01,0.01,0.34,0.21,0.02,0.0
Turkmenistan,2000,19141.2,0.23,122.62,39.36,48574070.0,9212578.0,39361496.0,4582676.0,2904662605.0,1.67,3.08,0.04,0.21,0.0,1.42,0.14,1.69
United Kingdom,2007,410.0,0.38,1076.59,559.57,577820540.0,18254048.0,559566460.0,61535860.0,3074360000000.0,1.48,3.94,0.1,0.71,0.21,2.11,0.87,0.08
Bangladesh,1990,7500.0,-0.42,2546.95,14.08,26251572.0,12169976.0,14081596.0,111633723.0,31598341234.0,0.02,0.04,0.0,0.0,0.16,0.01,0.02,0.01
Tajikistan,2008,272428.8,0.15,645.96,2.9,3231386.0,335365.94,2896020.0,7338403.0,5161308188.0,0.0,0.03,0.01,0.01,-0.05,0.03,0.0,0.34
Angola,1995,28969.811320754718,0.05,1115.61,12.62,26479284.0,13862634.0,12616650.0,13699780.0,5538749260.0,0.05,0.03,0.01,0.09,0.74,0.08,0.13,0.0
Morocco,2001,1844.0,0.66,175.43,36.81,35192076.0,-1613625.6,36805700.0,28814647.0,39459581217.0,0.12,0.46,0.14,0.03,-0.16,0.3,0.19,0.05
Honduras,2009,24241.0,0.02,1475.14,8.03,22336020.0,14305612.0,8030408.0,8189904.0,14587496229.0,0.03,0.28,0.08,0.01,0.65,0.36,0.21,0.02
Mauritania,1994,38808.0,-0.56,108.88,0.96,2344154.0,1387850.0,956304.0,2249462.0,1315932645.0,0.0,0.0,0.0,0.0,0.18,0.0,0.0,0.0
Sierra Leone,2008,303.7931034482759,-0.19,2445.0,0.51,39571052.0,39065420.0,505631.97,5894728.0,2505458705.0,0.01,0.01,0.0,0.01,0.57,0.04,0.0,0.03
Turkmenistan,2008,35115.6,-0.23,98.03,59.44,59835452.0,397031.03,59438420.0,5345034.0,19271523179.0,2.52,4.16,0.07,0.26,-0.03,1.78,0.2,1.9
France,2013,9330.625,-0.49,1207.95,358.7,337580400.0,-21122410.0,358702820.0,64387736.0,2811080000000.0,1.23,0.99,0.11,0.36,-0.94,1.96,0.76,0.2
United Arab Emirates,1997,121.62162162162161,-1.0,142.72,72.92,72994300.0,74782.23,72919520.0,2817411.0,78839008445.0,0.09,8.24,0.74,15.53,0.0,4.69,14.17,0.0
Morocco,2014,1744.0,0.29,352.93,57.18,52263176.0,-4911738.5,57174916.0,34204783.0,110081000000.0,0.19,0.63,0.15,0.07,-0.04,0.45,0.23,0.07
Bolivia,2008,192562.0,-0.18,1539.92,12.96,104533200.0,91567976.0,12965221.0,9850858.0,16674276952.0,0.12,0.31,0.08,0.02,5.78,0.52,0.17,0.07
Italy,2005,3363.404255319149,-0.83,979.48,501.36,450257250.0,-51106828.0,501364060.0,58519697.0,1852660000000.0,1.37,3.04,0.3,0.28,-0.59,2.1,1.14,0.15
Belgium,2000,2614.7619047619046,0.31,1058.87,126.72,129632440.0,2909399.0,126723040.0,10251719.0,237905000000.0,2.59,3.05,0.32,2.12,-0.39,2.39,2.84,0.26
Haiti,2002,15988.888888888889,0.02,798.76,1.78,2981274.5,1196039.5,1785235.0,8607647.0,3472191962.0,0.03,0.03,0.01,0.01,0.01,0.1,0.05,0.0
Zambia,2008,158994.0,-0.43,1175.75,2.55,134490850.0,131937820.0,2553028.0,13021327.0,17910858638.0,0.01,0.0,0.02,0.01,1.39,0.08,0.06,0.01
Colombia,2011,154382.0,0.02,3560.08,76.22,168241090.0,92016930.0,76224170.0,45259614.0,334454000000.0,0.11,0.3,0.1,0.11,1.25,0.55,0.33,0.07
El Salvador,2015,4500.0,1.05,1285.54,6.67,6103809.0,-563962.9,6667772.0,6183674.0,23166030400.0,0.11,0.28,0.06,0.08,0.17,0.53,0.15,0.0
Oman,2001,8792.830188679245,-0.11,7.59,22.4,22460650.0,56169.12,22404480.0,2310221.0,19452015605.0,0.04,6.25,0.23,0.42,0.0,1.25,1.7,0.73
United Arab Emirates,2004,140.54054054054055,0.1,29.4,111.7,111774800.0,72217.45,111702584.0,4428966.0,147824000000.0,0.03,11.29,0.72,10.18,0.0,4.76,7.65,0.0
Ghana,2008,24996.226415094337,-0.01,1115.03,8.32,21592472.0,13268150.0,8324322.5,24249946.0,28526891010.0,0.02,0.08,0.0,0.02,1.89,0.17,0.05,0.01
Bangladesh,2010,18190.0,0.64,2197.01,54.04,57338988.0,3303462.5,54035524.0,152201977.0,115279000000.0,0.04,0.16,0.0,0.01,0.12,0.05,0.06,0.02
Kazakhstan,2007,255.3488372093023,0.73,303.0,226.74,178945250.0,-47799444.0,226744690.0,16257212.0,104850000000.0,0.05,7.09,0.04,0.04,-0.09,0.74,2.4,1.23
Bolivia,2006,194434.0,0.13,1540.56,12.33,106714584.0,94382260.0,12332331.0,9521685.0,11451845341.0,0.12,0.26,0.07,0.02,5.97,0.42,0.15,0.08
Bangladesh,2015,0.0,0.09,2464.11,76.95,89905170.0,12955794.0,76949380.0,159383180.0,195079000000.0,0.05,0.24,0.01,0.01,0.11,0.06,0.08,0.02
Latvia,2004,364.0,-0.46,767.52,7.73,9880280.0,2149082.5,7731198.0,2264178.0,14373269156.0,0.39,0.98,0.06,0.34,-4.9,1.27,0.49,0.17
Bulgaria,1998,0.0,-0.4,828.75,53.21,48481228.0,-4730407.0,53211636.0,8138192.0,14942172234.0,0.33,3.57,0.14,0.07,-2.68,0.67,1.4,0.1
Philippines,1999,112949.25925925926,-0.46,3192.04,67.73,91199750.0,23466234.0,67733520.0,77753260.0,82995145793.0,0.07,0.29,0.07,0.03,0.03,0.32,0.14,0.01
Nicaragua,2006,85686.0,0.05,1631.99,4.42,34907576.0,30489500.0,4418076.0,5418856.0,6763671611.0,0.07,0.32,0.04,0.01,4.36,0.27,0.13,0.01
Jordan,2012,334.8837209302325,0.47,69.49,23.82,25590850.0,1776270.5,23814580.0,7587134.0,30937277606.0,0.25,1.49,0.19,0.15,0.0,0.91,0.29,0.06
Gabon,2012,19250.0,0.13,2072.38,5.63,16487292.0,10857494.0,5629798.0,1846893.0,17171447372.0,0.17,0.49,0.04,0.41,3.38,0.41,0.6,0.03
Nicaragua,2000,122490.0,-0.59,1459.35,3.72,87356520.0,83635200.0,3721323.0,5022636.0,5107329007.0,0.04,0.29,0.05,0.02,3.88,0.29,0.08,0.0
Ecuador,2015,87220.0,0.87,3400.0,41.28,50529904.0,9254165.0,41275740.0,16266228.0,99290381000.0,0.22,0.64,0.14,0.11,1.05,1.04,0.2,0.18
Nicaragua,1997,115803.0,-0.2,1530.0,3.11,85069640.0,81955176.0,3114466.0,4809574.0,4389965591.0,0.04,0.23,0.03,0.01,4.05,0.26,0.07,0.0
Bolivia,1997,221134.0,-0.06,1515.04,11.72,158145600.0,146424430.0,11721163.0,8167910.0,7925673448.0,0.12,0.25,0.06,0.0,9.34,0.38,0.11,0.0
Lebanon,1990,924.1509433962265,-0.68,404.61,7.87,7839432.5,-28762.4,7868195.0,3595174.0,2838485354.0,0.15,0.78,0.03,0.04,0.0,0.52,0.09,0.0
Germany,1993,6509.0,-0.94,958.88,959.39,946954300.0,-12431622.0,959385900.0,81486770.0,2068560000000.0,2.31,4.72,0.18,0.26,-0.4,2.07,1.44,0.16
Benin,2009,2893.333333333334,0.24,1026.66,4.22,25837388.0,21612872.0,4224517.0,9509432.0,7097198712.0,0.12,0.01,0.02,0.03,1.13,0.3,0.02,0.0
Bangladesh,1995,5350.0,-0.01,2353.16,21.06,18845880.0,-2210491.0,21056370.0,122600371.0,37939748769.0,0.02,0.05,0.0,0.0,0.15,0.02,0.03,0.01
